name,price,expiration_date,barcode,type
FRESH BUZZ 775ML TRAVEL BINDER,189.0,2024-08-12,HQEZLM86YQ,Weight loss and weight control drugs
FRESH BUZZ 650ML TRAVEL BINDER,175.0,2024-01-22,AA3JOV0QZI,Weight loss and weight control drugs
Foam hemorrhoid base,245.0,2024-01-05,3H1B1ZRJ7D,Weight loss and weight control drugs
Scholl skin peeling and sanding device with charge,131.0,2024-11-22,W71SNFGHG0,Weight loss and weight control drugs
BEURER FOOT SPA CODE FB12 Hydromassage Device,1199.0,2024-04-03,1B0DYP9J1F,Weight loss and weight control drugs
BEURER INFRAROT MASSAGER COD.MG80 Massager,2349.0,2024-01-17,FPTA3LB0KD,Weight loss and weight control drugs
BEURER INFRAROT MASSAGER COD.MG40 Massager,949.0,2024-11-28,9CZOHC4ILZ,Weight loss and weight control drugs
BREMED. Massage stick code 7400,550.0,2024-07-11,14YICMI2RA,Weight loss and weight control drugs
BEURER HEATING PAD CODE.HK25 COMFORT-HK45,1299.0,2024-01-20,X114M0NKOQ,Weight loss and weight control drugs
BEURER MASSAGE COD.MG21 Massager,699.0,2024-07-15,P6YGS4WLWN,Weight loss and weight control drugs
BEURER COD.CM50 Cellulite Massager,1099.0,2024-12-01,AKFEU41BCP,Weight loss and weight control drugs
VIBROACTION MASSAG BELT NO.W-12 Sauna and Massage Belt,638.5,2024-06-02,31LRF6T85O,Weight loss and weight control drugs
FOAM .RING CUSHION 2046001,470.0,2024-11-23,D300088NAN,Weight loss and weight control drugs
FOAM .MEMORY FOAM 2007001,645.0,2024-02-11,AXQCCMC30N,Weight loss and weight control drugs
foam neck pillow,177.0,2024-08-30,IT5008WGQU,Weight loss and weight control drugs
BREMED NO.BD7300 VACUUM MASSAGER WITH BATTERY MASSAGER,1900.0,2024-04-27,AZCQJLPXI9,Weight loss and weight control drugs
LUNA EMOLLIENT CR HAND&BODY COCOA BUTTER 75GM,35.0,2024-10-03,GLUW0HSR3O,Weight loss and weight control drugs
LUNA QUICK&CLEAN HAND CLEAN GEL 50ML CANDY,17.0,2024-03-23,OLL0GQXCMZ,Weight loss and weight control drugs
LUNA QUICK&CLEAN HAND CLEAN GEL 50ML NATURAL,17.0,2024-09-08,X131AI1SCR,Weight loss and weight control drugs
VOLUME SAFE & CLEAN HAND MOISTURIZER 3*1 120ML,20.0,2024-08-02,069ZBN571V,Weight loss and weight control drugs
LUNA EMOLLIENT CR. 20GM for cracks,21.0,2024-02-09,ZPSX5D0XY0,Weight loss and weight control drugs
KARESSE HAND CLEANS GEL 50ML FRUITS,18.5,2024-07-13,L6EVPBB5D5,Weight loss and weight control drugs
SKINCODE BRIGHTENING HAND CREAM 75ML,704.0,2024-11-30,JAC6MMXUZL,Weight loss and weight control drugs
HANDY SANITIZER GEL 65ML,20.0,2024-11-14,D5SX3EA47H,Weight loss and weight control drugs
EVASILINE HAND CREAM 60 ML,40.0,2024-07-22,54FPVWX1EQ,Weight loss and weight control drugs
NATURES BOUNTY FACE&BODY MOIS.CREAM 560ML SHEA BUTTER,149.9,2024-06-21,W9OL0WER14,Weight loss and weight control drugs
AFRICANA NPC (HAND WASH + HAND WASH 250ML) #,49.0,2024-03-25,V4VA425NT6,Weight loss and weight control drugs
SEKEM INSTANT (70% ALCOHOL) HAND WASH 60 ML,35.0,2024-09-14,LZR3IATWIT,Weight loss and weight control drugs
KARESSE HAND CLEANS GEL 50ML KIWI,18.5,2024-02-11,F7EWBDHUA5,Weight loss and weight control drugs
"STRALINE HAND CR. 75ML WITH OMEGA 3,6 & 9",173.0,2024-04-06,0I6FWFS051,Weight loss and weight control drugs
NUXE HAND&NAIL CR. 50ML ALL SK,299.0,2024-04-14,1MTCPAKM7B,Weight loss and weight control drugs
LUNA QUICK&CLEAN HAND CLEAN GEL 100ML NATURAL,24.75,2024-03-28,WJY6Z5T4EL,Weight loss and weight control drugs
LUNA EMOLLIENT CR. 40GM for cracks,32.0,2024-12-05,9WCVYJJOHJ,Weight loss and weight control drugs
EVA FOOT PWD 50GM MENTHOL MENTHOL FOOT POWDER,30.0,2024-02-26,MVJOIRUUZ7,Weight loss and weight control drugs
UREPAR FOOT CR. 75ML,173.0,2024-06-21,LDCIESV5RS,Weight loss and weight control drugs
LUNA SUPER EMOLLIENT CR.50GM للتشققات,51.0,2024-07-22,TDW8B3IY0K,Weight loss and weight control drugs
EVA MAN LOOK FOOT PWD 50ML ALOE VERA,31.25,2024-07-22,YRZC1BD8K0,Weight loss and weight control drugs
EVA FOOT PWD 50GM ALOE VERA,30.0,2024-10-12,LC21SBYIVS,Weight loss and weight control drugs
EVA MAN LOOK FOOT PWD 50ML MENTHOL,31.25,2024-02-08,6Z32B22MB4,Weight loss and weight control drugs
BEESLINE FEET&HEELS REPAIR CR. 150ML,275.0,2024-03-06,JN6EQRK4BX,Weight loss and weight control drugs
GLYSOLID B.LOTION 200ML SENSITIVE,50.0,2024-08-29,S2AC7V1S45,Weight loss and weight control drugs
LUX SHW.GEL 500ML DREAM DELIGHT (#),74.0,2024-10-30,6XTYPW5NDF,Weight loss and weight control drugs
LE PETIT MARSEILIAIS GENTLE SHW. Gel 400ML MILK,56.25,2024-08-13,WB8VLFZSA4,Weight loss and weight control drugs
FA SHW.GEL 250ML SPORT,44.3,2024-10-15,KZJDIDSYCI,Weight loss and weight control drugs
LOREAL MEN EXPERT SHW. GEL 300ML COOL POWER,135.0,2024-07-18,WYAPBJKQOF,Weight loss and weight control drugs
J&J VITA-RICH BO. COCOA . WASH 400ML,43.0,2024-01-27,MPNZXIMYJ1,Weight loss and weight control drugs
GLYSOLID LOTION 200ML,50.0,2024-09-17,LA0JJXWOBF,Weight loss and weight control drugs
MARSELLIA SHW CR. 250ML MILK,37.5,2024-11-12,3GDA63OCZ8,Weight loss and weight control drugs
VASELINE INTENS LOT. 400ML COCOA RADIANT,175.0,2024-02-08,K19L7MZDM9,Weight loss and weight control drugs
J&J VITA-RICH SMOOTHING BODY WASH 250ML YOGURT HONEY & OATS,35.0,2024-03-24,82S0KRYAJ4,Weight loss and weight control drugs
LUX SHW.GEL250ML  لوفة +لمسة مخملية,57.0,2024-06-24,ABBX3RRV5P,Weight loss and weight control drugs
FA SHW.GEL 250ML COCOA BUTTER,35.0,2024-08-20,CSUPHVX8ME,Weight loss and weight control drugs
SHAAN # (BODY MILK + REJUVENATION CREAM 50%),215.0,2024-10-24,FQBD2UG3QV,Weight loss and weight control drugs
LUX SHW.GEL 500ML MAGICAL BEAUTY سحر الجمال #,74.0,2024-05-22,RVOZ3QCFIK,Weight loss and weight control drugs
LIFEBUOY BO. WASH 300ML TOTAL CARE,72.0,2024-03-12,VXCRNDZIQ9,Weight loss and weight control drugs
DETTOL ANTI-BACTERIAL SHW.GEL 250ML FRESH,80.11,2024-09-24,K3DCX8532P,Weight loss and weight control drugs
NATURES BOUNTY FACE&BODY SCRUB 560ML COFFEE &WALNUT,149.9,2024-04-24,H6D10BBOSK,Weight loss and weight control drugs
J&J CLEAN&CLR. SKIN CLEAR DAILY SCRUB 100ML,75.0,2024-02-10,QWA5V3X127,Weight loss and weight control drugs
NATURES BOUNTY VENOS SCRUB STRAWBERRY 600ML,149.9,2024-09-12,LZPAJV21GW,Weight loss and weight control drugs
NUXE BO.FONDANT BO.SCRUB 200ML,339.0,2024-05-02,1NDM29L3AO,Weight loss and weight control drugs
BOBANA SCRUB CR. 300GM COFFEE صنفرة قهوة,48.0,2024-08-21,0UOU99TIS3,Weight loss and weight control drugs
NATURES BOUNTY VENOS ARGAN OIL MASK 600ML GOLD,149.9,2024-12-22,BTW5LK7GCX,Weight loss and weight control drugs
NATURES BOUNTY VENOS SCRUB 600ML APRICOT &ELDER (75526),149.9,2024-03-02,15C50377K8,Weight loss and weight control drugs
BOBANA SPA YOGURT SALT 300GM ملح زبادى سبا,30.0,2024-02-07,0A1HJO68TJ,Weight loss and weight control drugs
BEESLINE EXPR. BODY STRAWBERRY & YOGURT SCRUB 25GM,59.0,2024-06-11,RNX577LFQD,Weight loss and weight control drugs
ZURIA DEAD SEA BODY SCRUB 170ML,150.0,2024-12-18,H6GR1P8E1X,Weight loss and weight control drugs
BOBANA SPA BERRIES SALT 300GM ملح توت سبا,30.0,2024-10-12,5FXCKVK9BB,Weight loss and weight control drugs
UREPAR BODY CR. 200ML,233.0,2024-10-30,K4KDEDKT8J,Weight loss and weight control drugs
GLYSOLID B.LOTION 200ML SENSITIVE,50.0,2024-11-25,AM6OJ2RSTZ,Weight loss and weight control drugs
VASELINE BO.LOT.200ML COCOA RADIANT,105.0,2024-10-12,MJUL4IIRNM,Weight loss and weight control drugs
NATURES BOUNTY COLLAGEN ELASTIN CR. 600ML,149.9,2024-08-17,4XBD22G8X2,Weight loss and weight control drugs
VASELINE PURE PETRLOEUM JELLY 50GM,39.0,2024-10-10,EM5260KGO8,Weight loss and weight control drugs
GLYSOLID LOTION 200ML,50.0,2024-02-18,NS6ZHEF7HW,Weight loss and weight control drugs
VASELINE INTENS LOT. 400ML COCOA RADIANT,175.0,2024-10-27,CY9SYD1QOI,Weight loss and weight control drugs
"NIVEA BO.LOT.NOURISH 400ML DRY,V. DRY SK. PUMP",200.0,2024-09-16,SWYBRJXG7H,Weight loss and weight control drugs
VASELINE HEALTHY EVEN TONE LOT. 400ML VIT B3,150.0,2024-11-01,O4C3TMDHIW,Weight loss and weight control drugs
VASELINE PURE PETROLEUM JELLY 250ML ORGINAL,115.0,2024-04-30,EMJLQEZRV2,Weight loss and weight control drugs
STRALINE EMOLLIENT CREAM FACE&BODY 200ML,214.0,2024-12-15,SML9X3B0D0,Weight loss and weight control drugs
VASELINE PURE JELLY 100GM COCO BUTTER ORGINAL,60.0,2024-06-06,0F1F8AEP0H,Weight loss and weight control drugs
VASELINE PURE JELLY (2X100GM) COCO BUTTER ORGINAL,60.0,2024-10-18,N1CWGK3EQD,Weight loss and weight control drugs
MIGO 41267 Moroccan Loofah,24.0,2024-09-07,836W93J28O,Weight loss and weight control drugs
MIGO CODE 41242 Love Spa 1+1,29.0,2024-03-09,5AMLGAATIB,Weight loss and weight control drugs
MIGO CODE 877/41247 لوف شاور باستيك,13.0,2024-08-14,KH0J6NJ00H,Weight loss and weight control drugs
MIGO 41162 سبا لوفة كف صغير,14.0,2024-09-11,NLFT0FCJ13,Weight loss and weight control drugs
MIGO 41177 Double Finger Loofah Spa,35.0,2024-07-03,NW4FROZ0UK,Weight loss and weight control drugs
MIGO CODE 41235 Love Spa 2 Pcs,31.0,2024-03-25,MX3KPXWZOF,Weight loss and weight control drugs
AQUA MASSAGE CODE 163E اسفنج حمام بيبى ناعم,30.0,2024-08-03,K0E92DHDKC,Weight loss and weight control drugs
MIGO 41256 GUANTEE DEW BASHKER AND LOVE,26.0,2024-04-24,NIWWVEJP56,Weight loss and weight control drugs
MIGO CODE 945/41219 Back Loaf with Rope,38.0,2024-10-06,GC4VRNR5A9,Weight loss and weight control drugs
MIGO CODE ميجو سبا لوفة ظهر 956/41180,24.0,2024-02-27,NZOVVCL4L3,Weight loss and weight control drugs
AQUA MASSAGE CODE 954 اسفنج استحمام جراب صابون,63.0,2024-04-27,RNELC9OTQ5,Weight loss and weight control drugs
MIGO 41187 ميجو سبا لوفة قلب,22.0,2024-07-09,WW0PDP762P,Weight loss and weight control drugs
MIGO CODE 808/41183 Double Square Love Palm,36.0,2024-10-23,38QTIYMBYZ,Weight loss and weight control drugs
MIGO CODE 41217 LOVE GUANTEE DOUBLE,33.0,2024-03-20,96K7QZQ04F,Weight loss and weight control drugs
MIGO CODE 358/41241 لوف حمام 1/2 كوز بيد,26.0,2024-09-24,5H2DW6C7M5,Weight loss and weight control drugs
MIGO 41165 سبا لوفة باستيك بيضاوي,17.0,2024-08-20,5R663Q27Q1,Weight loss and weight control drugs
KARESSE HAND CLEANS GEL 500ML,74.0,2024-07-05,4K8MVGM8HX,Weight loss and weight control drugs
MOROCCAN SOAP OIL 850GM OLIVE OIL,240.0,2024-10-01,CQJPQJBJHH,Weight loss and weight control drugs
LUNA GLYCERIN SOAP 72 GM GLYCERIN SOAP,30.0,2024-09-29,KOQBONA72S,Weight loss and weight control drugs
DETTOL ANTI BACTERIAL HAND WASH 400ML SKIN CARE,90.0,2024-03-31,TWFUDY576G,Weight loss and weight control drugs
CALOLITE 100 GM SOAP,88.0,2024-10-15,F1K8E3G2K7,Weight loss and weight control drugs
LUNA GLYCERIN SOAP 115 /120 GM GLYCERIN SOAP,40.0,2024-05-15,ELT56ZBIDI,Weight loss and weight control drugs
KARESSE HAND CLEANS GEL 400ML,55.0,2024-08-25,OP5W0DZDA6,Weight loss and weight control drugs
DETTOL ANTI BACTERIAL SOAP 175GM ORIGINAL,20.0,2024-10-23,LVJP7G5CM8,Weight loss and weight control drugs
LUX. BEAUTY SOAP 120/125GM,12.5,2024-07-11,6SB824MUYJ,Weight loss and weight control drugs
DETTOL ANTI BACTERIAL SOAP 165GM SKINE CARE,20.0,2024-01-05,G4EXHRQKM0,Weight loss and weight control drugs
DOVE WHITE CREAM SOAP 100GM,30.0,2024-05-15,68DZ21AWG7,Weight loss and weight control drugs
PEARS. CLEAR SOAP YELLOW / ORIGINAL 125GM,65.0,2024-11-21,RKN3SE8BO7,Weight loss and weight control drugs
LUNA QUICK CLEAN ANTI BACTERIAL HAND SOAP 1 LITER,82.0,2024-05-02,I94UCPB103,Weight loss and weight control drugs
LIFEBUOY ANTI BACTERIAL SOAP 75 SOFT CARE,7.5,2024-12-28,ZMOX53OV97,Weight loss and weight control drugs
DETTOL ANTI BACTERIAL SOAP 165GM COOL,20.0,2024-09-17,VBNW6LYTJL,Weight loss and weight control drugs
LUNA QUICK CLEAN ANTISEPTIC GLYCERIN SOAP 115GM,27.5,2024-03-14,TNRLRA14DR,Weight loss and weight control drugs
DR SAFE EAU DE COLOGNE 125 ML LAVANDER,44.0,2024-11-15,L2D05K0FR5,Weight loss and weight control drugs
DR SAFE EAU DE COLOGNE 125 ML LEMON,44.0,2024-02-22,SXPFTNHV9I,Weight loss and weight control drugs
DR SAFE EAU DE COLOGNE 250 ML LAVANDER,78.0,2024-03-23,X3GIIYG04J,Weight loss and weight control drugs
LUNA EAU DE COLOGNE 250ML HOLLYWOOD,73.0,2024-07-24,4P9VAPB9OT,Weight loss and weight control drugs
DR SAFE EAU DE COLOGNE 250 ML LEMON,78.0,2024-07-06,R8KYSHQL6R,Weight loss and weight control drugs
DR SAFE EAU DE COLOGNE 500 ML LEMON,140.0,2024-05-13,DSBZGNGNZM,Weight loss and weight control drugs
LUNA EAU DE COLOGNE 250ML AQUA FRESH,73.0,2024-07-31,U6NQJSC20J,Weight loss and weight control drugs
DR SAFE EAU DE COLOGNE 500 ML LAVANDER,140.0,2024-04-06,XC8SPKHYIR,Weight loss and weight control drugs
LUNA EAU DE COLOGNE 250ML PINK DESIRE,73.0,2024-02-20,P9PAJZ3XQR,Weight loss and weight control drugs
LUNA EAU DE COLOGNE 250ML MAN POWER,73.0,2024-02-05,T2G3KZKMEN,Weight loss and weight control drugs
LUNA EAU DE COLOGNE 250ML LIME SPLASH,73.0,2024-02-11,E2X4SEC32N,Weight loss and weight control drugs
MEMWA BODY MIST. 250ML GOOD LADY,207.0,2024-05-25,0ILUU374OS,Weight loss and weight control drugs
AWESOME BO. SPLASH 120ML OUD,89.0,2024-03-30,HDGZ8NS0H3,Weight loss and weight control drugs
MERTY BODY SPLASH 250ML VANILLA SUGAR,120.0,2024-01-18,32O5FBG3KS,Weight loss and weight control drugs
MERTY BODY SPLASH 250ML BLACKBERRY KISS,120.0,2024-06-22,SDC9OF3Z5G,Weight loss and weight control drugs
AWESOME BO. SPLASH 120ML SUNKISSED ROSES,89.0,2024-01-07,N6C7Z4GM3N,Weight loss and weight control drugs
FINE TISSUES 10/12PCS POCKET TISSUE BAGS,2.5,2024-12-06,GWK8RNPKMY,Weight loss and weight control drugs
LANA TISSUES 400PCS كيس مناديل,25.5,2024-10-03,5RUC6KV2MN,Weight loss and weight control drugs
FINE 550 (3×1) #,87.0,2024-03-15,VFYGAJZBBB,Weight loss and weight control drugs
SANITA CLUB 2PCS بكر تواليت,6.0,2024-01-18,FGT5A0AWP3,Weight loss and weight control drugs
FINE TISSUES 10pcs Fruit Pocket Tissue,2.5,2024-06-16,A5M985M6NX,Weight loss and weight control drugs
FINE TISSUES 120PCS مناديل ايزي باك,8.0,2024-06-02,3S9W7MY7U0,Weight loss and weight control drugs
FINE TOILET PAPER 2PCS. تواليت جامبو فنادق,14.0,2024-07-31,PVIZCX09EG,Weight loss and weight control drugs
FINE TOILET PAPER 2PCS بكر تواليت مضغوط,26.0,2024-11-04,QLW52H0A8A,Weight loss and weight control drugs
ZEINA. TISSUES 550PCS زينة كيس مناديل – 550 منديل,21.0,2024-04-28,91OFBI0R4F,Weight loss and weight control drugs
LANA TISSUES 550PCS كيس مناديل +WIPES 10PC HAND SANITIZING,31.0,2024-11-05,0K6TQVHT5Q,Weight loss and weight control drugs
LANA TISSUES 2PCS بكر مضغوط,24.5,2024-10-11,8HVEDZ8QH3,Weight loss and weight control drugs
PAPIA 550X18 مناديل,34.0,2024-03-31,G84X50CYV4,Weight loss and weight control drugs
SANITA GIPSY TISSUES 550PCS (1X3) # سانيتا جيبسى عرض,78.0,2024-09-05,YUFN9VCROF,Weight loss and weight control drugs
FINE TISSUES 400PCS (3X1) مناديل وجه معطرة عود #,108.0,2024-03-21,HOZR9YH67E,Weight loss and weight control drugs
FINE TISSUES 200PCS (4X1) مناديل سحب برستيج #,72.5,2024-06-07,LXOKNPKEQE,Weight loss and weight control drugs
PAPIA 24X2 بكر تواليت,19.5,2024-06-01,CI2VB1YK82,Weight loss and weight control drugs
LANA WET WIPES 10PCS HAND SANITIZING,4.0,2024-08-19,S3SIIXMK8B,Weight loss and weight control drugs
WIPE IT ALCOHOL WIPES 14PCS,35.0,2024-03-18,I1Z7HERWSB,Weight loss and weight control drugs
DETTOL ANTI BACTERIAL WIPES 20PCS,65.34,2024-01-31,SHVQT9T8JL,Weight loss and weight control drugs
DETTOL ANTI BACTERIAL WIPES 40PCS,110.33,2024-03-14,W2522DQF0L,Weight loss and weight control drugs
LANA WET WIPES 120PCS كحول,32.0,2024-04-06,27CV26URT0,Weight loss and weight control drugs
DETTOL ANTI BACTERIAL WIPES 10PCS,36.0,2024-03-30,QS6RX857P7,Weight loss and weight control drugs
DETTOL ANTI BACTERIAL WIPES 10PCS FRESH,36.0,2024-10-10,8WUJGU70XE,Weight loss and weight control drugs
DETTOL ANTI BACTERIAL WIPES 10PCS SKIN CARE,36.0,2024-11-07,IG5S6THUIN,Weight loss and weight control drugs
EASY CARE REFRESH WIPES 20WET,15.0,2024-06-14,JU1BV4Q7J3,Weight loss and weight control drugs
BEMBO WET WIPES TRAVEL 72PC,18.75,2024-09-05,3RMJZPD2O9,Weight loss and weight control drugs
BEMBO WET WIPES TRAVEL 120PC,30.0,2024-08-30,GWDGT0VPSI,Weight loss and weight control drugs
LANA WET WIPES 72PCS كحول,21.0,2024-07-21,HI6TQMWJ0T,Weight loss and weight control drugs
LANA WET WIPES 120PCS كلاسيك,32.0,2024-07-26,OFV9W4DOAX,Weight loss and weight control drugs
SUNBRIGHT FAMILY WIPE 40PC 13087 مناديل مبلله عائليه,18.5,2024-06-19,JBJ6DI2ZCL,Weight loss and weight control drugs
EASY CARE EASY BUCKET 12 GARDENIA 2020,3.0,2024-05-31,MAGXKECBOY,Weight loss and weight control drugs
AFRICAN NPC ANTI BACTERIAL CLEAN CARE WIPES,30.0,2024-01-30,D6RFNV93P3,Weight loss and weight control drugs
SEPTONA COTTON BUDS 200PC COTTON EAR RECTANGULAR BOX,21.5,2024-01-04,011ELTESBG,Weight loss and weight control drugs
Isabella Cotton ear 100 rounded sticks 34665,16.0,2024-11-06,7C108J987Z,Weight loss and weight control drugs
MIGO COTTON BUDS 18072 200PC COTTON RECTANGULAR EARS,38.0,2024-09-14,BAKY4L5SZ3,Weight loss and weight control drugs
COTONEVE 200 COTTON BUDS 35118 قطن أذن 200 عود مربع,27.0,2024-12-23,77VMVBBJC5,Weight loss and weight control drugs
QUALITA COTTON BUDS 300PCS WHITE,30.0,2024-05-21,BJMWPXNY6Y,Weight loss and weight control drugs
QUALITA COTTON BUDS 200 PIECES WHITE,22.0,2024-04-29,F4ZWAKZX7A,Weight loss and weight control drugs
QUALITA COTTON BUDS 100 PIECES COLOR,15.0,2024-06-24,3W4Y9E5YMI,Weight loss and weight control drugs
SEPTONA COTTON BUDS 300PC قطن اذن مستطيل,32.0,2024-02-03,XT5NFMG423,Weight loss and weight control drugs
MIGO COTTON BUDS 18071 200PC قطن اذن مدور,33.0,2024-02-24,FKEQBVOZ7F,Weight loss and weight control drugs
QUALITA COTTON BUDS 300PCS COLOR,40.0,2024-12-23,RBQSWVF498,Weight loss and weight control drugs
SEPTONA KIDS COTTON BUDS 100PC قطن اذن مدور اطفال,16.0,2024-05-09,M7QL1LEQ3K,Weight loss and weight control drugs
TULIPS 200PC EAR COTTON,19.5,2024-10-07,SF55SWU6D6,Weight loss and weight control drugs
Isabella cotton ear 200 pcs round 34672,25.0,2024-07-27,71ZWATDEPV,Weight loss and weight control drugs
COTONEVE 56 KIDS COTTON BUDS 55806 COTTON EARS 56 KIDS,30.0,2024-06-02,P0ZW75WQ2N,Weight loss and weight control drugs
FE BABY COTTON BUDS 60PC قطن اذن اطفال,54.0,2024-11-17,29IFDM5AC5,Weight loss and weight control drugs
ايزابيلا قطن اذن 50عود اطفال 55041,16.0,2024-05-31,95EYIJT27O,Weight loss and weight control drugs
RENOSCAR GEL 30GM,390.0,2024-04-09,E6Z577YSOT,Skin care
KEMA STRETCH MARK CR. 100 GM,105.0,2024-10-12,1YIWUPHU99,Skin care
BODIUM STRETCH MARKS RED. CREAM 200ML,214.0,2024-12-08,E002FYVQIZ,Skin care
SKROFAD 100 GM CREAM,175.0,2024-03-03,IHGJF6W6VD,Skin care
MUSTELA STRETCH MARKS SERUM 45ML,999.0,2024-10-22,OF0FYS9U4V,Skin care
AVALON STRETCH MARK 2.37 FL OZ / 70 GM CREAM,300.0,2024-03-01,KGI646IJX2,Skin care
DERMA PURE ANTI SCAR-WOUND HEALING CR. 30GM,52.0,2024-04-04,Y2HED0V158,Skin care
Derma Roller 1×6,347.0,2024-10-25,AK3OXZVJJR,Skin care
Heart Low Skin Peeling & Scrubing Device,193.0,2024-09-10,GLYGLBCIBJ,Skin care
TITANIA 296 SILICONE FACIAL MASSAGER SILICONE FOR FACIAL CLEANSING,527.0,2024-07-30,MI3NFH6PP2,Skin care
Micro Derma Roller 1×3,239.0,2024-05-25,1M3VRO1FCO,Skin care
BREMED.BD7100 FACIAL SAUNA Facial Sauna,980.0,2024-04-11,GNKQH8IRKK,Skin care
LOREAL HYALURON EXPERT TISSUES MASK,55.0,2024-01-16,X3GQXC1EMJ,Skin care
LOREAL HYALURON EXPERT DAY CREAM 50ML,225.0,2024-07-18,Z7JTOFRDRE,Skin care
DERMAFILM SERUM VITAMIN C15% 50ML,320.0,2024-12-09,AGJFCVHYD6,Skin care
LOREAL HYALURON EXPERT NIGHT CREAM 50ML,225.0,2024-03-27,1KIAS0YB91,Skin care
MELATEX VITAMIN C 10% SERUM 30ML,317.0,2024-08-13,2O1RRZGY3T,Skin care
PLACENTOR SLIMMING BALANCE TRIPLE GEL 200ML,469.0,2024-01-30,1OJUNGK1ES,Skin care
LOREAL REVITALIFT ANTI-WRINKLE DAY CR. ENERGIZING RED . 50ML,295.0,2024-05-06,8DSMQZ1HZ7,Skin care
ARGENTO ANTI – AGING NIGHT 60 GM CREAM,125.0,2024-06-25,NC9A57CNRF,Skin care
SKINCODE ESSENT REGENERAT NIGHT CR. 50ml,1186.0,2024-02-04,LLUP1O0U52,Skin care
EVA COLLAGEN ANTI -WRINKLE GOLD DAY CR. 50ml,195.0,2024-06-30,NNQF34M720,Skin care
EVA COLLAGEN 3D FINE LINES FILLER CR. 50ml +30,150.0,2024-07-07,OQOWU07NXT,Skin care
HIGHTECH INSTANT CELL RECHARGER SERUM 40ML,2030.0,2024-06-30,DIGVR4J8T2,Skin care
EVA COLLAGEN GOLD ANTI WRINKLE CR. 50ml,195.0,2024-06-19,406KJHQT4E,Skin care
AGEAL RICH CREAM 50ML,344.0,2024-02-21,9A3CMTLZ3E,Skin care
REJUVCARE SKIN CR. 75GM,200.0,2024-12-19,G0PLJWBDMJ,Skin care
AFRICANA NPC ALOE VERA GEL WITH N/O (NATURAL OILS) 125ML,95.0,2024-05-28,JD5M4J8NUI,Skin care
LOREAL HYALURON EXPERT EYE CREAM 15ML,150.0,2024-03-08,JXJGQYV586,Skin care
ISIS NEOTONE EYES 15ML,309.0,2024-07-05,50HDVN5GPQ,Skin care
EVA COLLAGEN GOLD NIGHT EYE CONTOUR 15 ML,160.0,2024-04-19,3JXVTC9I5C,Skin care
PHARMACERIS-W OPTI – ALBUCIN ANTI – DARK EYE CREAM 15 ML SPF15,275.0,2024-01-30,0X0HP7CI6B,Skin care
VICHY MIN 89 EYES FOR F15ML EN/F/DNS,631.0,2024-12-19,B7QVWZLKB6,Skin care
SKINCODE EXCLUSIVE CELLULAR EYE LIFT PWD PEN 15ML,1079.0,2024-12-18,DK0VC5C2C1,Skin care
AGEAL EYE CONTOUR CR.15ML EYE PUFFINESS & DARK CIRCLES,289.0,2024-01-19,2PFRRNKMC9,Skin care
CLEO GLOW EYE COUNOUR,360.0,2024-03-09,JIXRHLACHS,Skin care
BIO. SENSIBIO EYE CONTOUR GEL 15 ML,669.0,2024-10-14,5L8BOL3QIY,Skin care
HIGHTECH INSTANT PUFFINESS & DARK CIRCLE REDUC 8.5ML,1029.0,2024-12-22,42ZKTW92TG,Skin care
UR. AGE PROTECT- EYE CONTOUR 15ML,575.0,2024-04-29,UROCS53LSE,Skin care
VICHY LIFTACTIV DS EYE 15ML,673.0,2024-09-29,6DJOQBOMMJ,Skin care
HIGHTECH INSTANT PUFFINESS&D.CIRCLE REDUC #,619.0,2024-10-29,2Z4Z4BVZRM,Skin care
HIGHTECH INSTANT EYELID LIFT 10ML,1081.0,2024-07-12,NYF9UP3HUQ,Skin care
HIGHTECH INSTANT EYELID LIFT #,650.0,2024-02-24,KR9O326LI9,Skin care
SKINCODE. BRIGHTENING EYE CREAM 15ML,1219.0,2024-05-01,GS49CAS0A4,Skin care
MELATEX LIGHTENING CREAM 50ML,202.0,2024-07-24,YYAQ2FKGXN,Skin care
EVA SPOTLESS SKIN CR. 18GM TUBE,16.0,2024-05-04,4UQI3F24UX,Skin care
STAR VILLE WHITENING 60 GM CREAM,95.0,2024-12-04,ZH4Z2OBESZ,Skin care
XTREME WHITENING CR. 50ML (1+1) #,180.0,2024-01-18,LNAEUUBY33,Skin care
XTREME WHITENING CLEANSER 200ML (1+1) #,180.0,2024-04-08,9NH5I659XB,Skin care
GARNIER FAST FAIRNESS CREAM UVA/UVB 25ML,40.0,2024-09-24,371VIMECWI,Skin care
PHARMACERIS-W ALBUCIN – C WHITENING ACTIVE CONCENTRATE 5% VIT. C 30 ML,400.0,2024-09-29,0VZPMN78SV,Skin care
GARNIER FAST FAIRNESS CREAM UVA/UVB 50ML,64.0,2024-04-06,VBB12UWD5Y,Skin care
BIO. PIGMENTBIO NIGHT RENEWER P 50ML,650.0,2024-01-31,1DQ2FNMSCY,Skin care
WHITE BELL CR. 60GM,128.0,2024-02-06,7GCNMFQZZB,Skin care
UR. DEPIDERM WHITE MOUSSE 100ML,275.0,2024-01-27,PCIRL06JCZ,Skin care
MELATEX LIGHTNING ROLLON 48H 1.35FL.OZ 40ML,129.0,2024-11-16,EDSRZK56IP,Skin care
STARVILLE # WHITENING (CREAM + GEL),150.0,2024-03-31,9WPFEHPW3W,Skin care
SKINCODE ESSENTIALS ALPINE WHITE BRIGHTENING PROTECTION SHIELD 30ML SPF50,1219.0,2024-03-29,A38VG9RC73,Skin care
HYDROBEST CREAM 100GM,200.0,2024-05-12,8CH9DSCRGR,Skin care
MELATEX LIGHTENING CLEANSER 200ML,159.0,2024-03-07,NGZ1JFCJ4U,Skin care
VICHY NORMADERM PHYTO -S INTENSIVE PURIFYING GEL 200ML,399.0,2024-10-22,JYYHZBH1Z6,Skin care
MOROCCAN SOAP OIL 850GM OLIVE OIL,240.0,2024-05-14,1SAD10BEBP,Skin care
DOVE WHITE CREAM SOAP 100GM # ابيض,27.0,2024-03-28,QYF17273GM,Skin care
ARGENTO CLEAR FACIAL CLEANSER 200 ML,159.0,2024-08-04,IUS25I253V,Skin care
GARNIER FAST FAIRNESS FACE WASH 100ML,60.0,2024-09-08,TEX7CTKHIQ,Skin care
VICHY NORMADERM PHYTO S DOUBLE CORRECTION DAILY CARE 50ML,557.0,2024-11-14,LVO97G8FJG,Skin care
LR – POSAY EFFACLAR PURIFYING FOAMING GEL 400ML FOR OILY SENSITIVE SKIN,589.0,2024-07-18,MKU2I54JUW,Skin care
SEBACLAR PURIFYING CLEANSING GEL 200ML,173.0,2024-11-07,77HWLHUMJE,Skin care
NEUTROG. VISIBLY CLEAR&PROTECT WASH 200ML,150.0,2024-05-22,27RYTEXMAU,Skin care
VICHY NORMADERM PHYTO SOLUTION CLEANSER 400 ML,631.0,2024-05-04,CNSS6O3HHQ,Skin care
GARNIER FAST FAIRNESS FACE WASH 50ML,40.0,2024-02-05,PKQQS0KGTP,Skin care
J&J CLEAN&CLR. DEEP ACTION CR. WASH 100ML,55.0,2024-08-21,HWVKVZ6P89,Skin care
AFRICANA (ROSE WATER 250ML+ SOAP 75GM SHEA BUTTER),100.0,2024-01-01,PN4YVLKXEK,Skin care
J&J FRESH HYDRATION CLEANSING GEL 150ML ROSE WATER,78.0,2024-01-28,T0BNFVHRK5,Skin care
EVA EXFOLIATING FACIAL WASH 150ML HONEY,45.0,2024-05-29,PPXKJRNQ2T,Skin care
AFRICANA NPC ALOE VERA GEL 125ML,89.0,2024-03-26,8S46ZUQ86K,Skin care
VICHY MINERAL 89 50ML,736.0,2024-07-14,0LNC4WW6V6,Skin care
SEBACLAR HYDRA CR. 50ml,187.0,2024-05-09,FAWW2TGGW2,Skin care
MELANTHENOL CR. 40GM BURNS & SOOTH & NIPPLE FISSURE,38.0,2024-02-27,FTJW38WW3X,Skin care
CICA LAB CREAM 50ML SANS PARFUM & PARABEN,187.0,2024-09-26,GGET4F5V2J,Skin care
NIVEA SOFT MOIST CR. 100ML,30.0,2024-11-10,5THW4LZHAD,Skin care
NIVEA SOFT MOIS CR. 200ML NON GREASY,52.0,2024-09-17,OE9EI09DQ2,Skin care
NATURES BOUNTY COLLAGEN ELASTIN CR. 600ML,149.9,2024-09-27,NYOV8EQHXP,Skin care
J&J CLEAN&CLEAR NATURAL BRIGHT 100ML,38.5,2024-10-02,SKSJ85OJPQ,Skin care
SKINCODE ESSENT EXTRA GENTLE SKIN RESURFACING CREAM 75 ML,1219.0,2024-01-17,ZKGALNNI4R,Skin care
NIVEA SOFT MOIST CR. 50ML (#),17.0,2024-10-15,FDJL0T3COD,Skin care
NUXE AQUABELLA MOIST MATIFYING EMULSION 50ML,410.0,2024-10-14,FMYX8NDVC1,Skin care
AMMA CARE MOIS CR. SHEA GOLD 60GM,80.0,2024-10-22,4CMSGY0RHC,Skin care
HYALOKONEX SERUM 40ML,220.0,2024-06-21,FEPTZ4BE6Y,Skin care
CLEO VITAMIN C SERUM 50ML,360.0,2024-04-20,DO78B0BK0S,Skin care
EVA TONIC FACE WATER 100ML,20.0,2024-05-31,5TAU0RJX0U,Skin care
C - MIX ( VITAMIN C 10% ) SERUM 60 ML,235.0,2024-02-23,8JW8UQ74EJ,Skin care
AVENE LOT DOUCE GENTLE TONER 200ML,255.0,2024-07-14,87FFTCKJ9E,Skin care
BOTOK VITAMIN C 40ML,380.0,2024-01-23,R8FQVGO9IP,Skin care
EVA COLLAGEN GOLD SK REJENATING SERUM 30ML,180.0,2024-01-26,2M5TO49N84,Skin care
DERMATIQUE PURIFYING TONER 200ML MIX TO OILY,260.0,2024-08-20,5RRUQC9SOX,Skin care
LUNA FACIAL TONER 100ML ROSE WATER,30.0,2024-05-23,T5E5ZSZIEE,Skin care
LR – POSAY PIGMENTCLAR SERUM 30ML,659.0,2024-09-14,3L8O8QPGNH,Skin care
CLEO INTENSIVE NIGHT SERUM 50ML ANTI- BROWN SPOTS,300.0,2024-12-10,3JZA4MI21D,Skin care
SKINCODE ESSENTIALS SOS OIL CONTROL BALANCING SER. 30ml,1196.0,2024-02-11,UY9AJ0LX4Y,Skin care
NEUTROGENA MOSTURIZING MASK 30ML,53.0,2024-11-30,WF4RCATXWC,Skin care
GARNIER TISSUE MASK SERUM GREEN TEA&URONIC ACID,53.0,2024-03-11,W14LURPFQO,Skin care
YC SPA SALT 300G MILK SALT,24.0,2024-08-27,XPV4P4B6JM,Skin care
NEUTROGENA FINES LINES MASK 30ML,53.0,2024-08-23,TK0780YPNF,Skin care
PHARMACERIS-T SEBO-ALMOND 10% PEELING NIGHT CREAM 50 ML,320.0,2024-04-21,MODTAI7PBY,Skin care
SKINCODE ESSENT PORE REFINING MASK 75 ML,1129.0,2024-02-21,DIS7MIA4KK,Skin care
GARNIER PURE ACTIVE WASH+SCRUB+MASK 150ML CHARCOAL,200.0,2024-09-12,U3K5WZHTWG,Skin care
BIO LUXE SK.CARE ALMOND & HONEY SCRUB 500ML,109.9,2024-11-20,YAS8VNN4R2,Skin care
ACM SEBIONEX GEL 200ML,230.0,2024-03-11,QWY7S7NJO8,Skin care
LOREAL PURE CLAY MASK 50ML CHARCOAL,265.0,2024-12-13,6LTYDTV5V0,Skin care
PLACENTOR GREEN CLAY PURIFY MASK 150ML OIL SK,625.0,2024-12-18,3FW6BECVC4,Skin care
NEUTROG. VISIBLY CLEAR B.HEAD ELIMINAT SCRUB 150ML,140.0,2024-11-13,VC776MS9DM,Skin care
AVENE GENTLE EXFOLIATING SCRUB 75 ML,335.0,2024-12-04,6VX2TZYPTO,Skin care
NATURES BOUNTY FACE&BODY SCRUB 560ML COFFEE &WALNUT,149.9,2024-07-05,MDT2VA1N00,Skin care
GARNIER FAST FAIRNESS TISSUE MASK VIT C & LEMON ALL SK.,53.0,2024-01-22,VFZ2F8X5O1,Skin care
AFRICANA ROSE WATER 250ML,69.0,2024-09-06,8QK7KT8VI4,Skin care
GARNIER MICELLAR CLEANSING WATER 100ML,75.0,2024-08-09,MBER3FHUNF,Skin care
GARNIER MICELLAR IN OIL 100ML,80.0,2024-01-29,3N4GOKC5ZB,Skin care
SEPTONA COTTON MAKE-UP REM.TWO WAYS 70PC COTTON TWO ROLLED COTTON,30.0,2024-09-28,WI4CSX9KCH,Skin care
QUALITA COTTON PADS CAMOMILE 70 PCS DO.FACE,80.0,2024-12-16,I44NYD4CZN,Skin care
QUALITA COTTON PADS ARGAN 100 PCS,45.0,2024-04-05,FWDJXSSCLL,Skin care
GARNIER MICELLAR CLEANSING WATER 400ML,180.0,2024-06-20,XXW4OTFIYV,Skin care
EVA FACIAL WASH&REMOVER M.UP 150ML GLYCERIN,45.0,2024-11-20,2PEY0PVA90,Skin care
GARNIER MICELLAR IN OIL 400ML,195.0,2024-11-29,L3UI54ILML,Skin care
EVA FACIAL WASH&REMOVER M.UP 150ML CUCUMBER,45.0,2024-11-01,5QCOGWB8F8,Skin care
AFRICAN NPC PEPPER MINT WATER 250ML,78.0,2024-01-13,RTU9JI92FI,Skin care
CLEANIC 856 قطن ازالة مكياج ناعم ولطف+عرض 100 ق #,42.0,2024-03-30,VM8062I97N,Skin care
COTONEVE 80 MAKE UP REMOVING COTTON PADS 41010 قطن إزالة مكياج,44.0,2024-05-26,FR005SE886,Skin care
COTONEVE 70 DOUBLE FACE COTTON PADS 4792/ 1907 قطن إزالة مكياج مزدوج,47.0,2024-10-23,02JAV79PFR,Skin care
STAR VILLE ACNE PRONE SKIN FACIAL CLEANSER GEL 200 ML,105.0,2024-01-17,TKP3P5WB13,Skin care
CALOLITE 100 GM SOAP,88.0,2024-06-02,FABELKBMPG,Skin care
ACNEVIO SOAP 100GM,45.0,2024-03-23,H472KT19NT,Skin care
SEBACLAR ACTIVE GEL 50ML,202.0,2024-04-22,AUKN3ZS5BT,Skin care
SEBACLAR TONIC LOTION 200 ML,187.0,2024-04-10,FCVVUJ96ZH,Skin care
STAR VILLE ACNE PRONE 60 GM CREAM,70.0,2024-08-25,G57ILFL6HH,Skin care
FLOXIA REGENIA CONTROL CREAM 40ML,399.0,2024-11-04,LOC07SJ61M,Skin care
GLATKO LOT. FOR OILY & ACNE PRONE SKIN 200ML,99.0,2024-05-13,PZZ6ICAVUO,Skin care
KIRAGLOW FOR ACNE PRONE SKIN CR. 30GM,65.0,2024-01-21,Z70AEOAI8S,Skin care
LUNA LIP BALM MOIST COCONUT,16.0,2024-01-17,4I0KTN0L53,Skin care
LABELLO LIP MOIS 4.8G STRAWBERRY,80.0,2024-01-19,IWMWFI8DY9,Skin care
LUNA LIP BALM MOIST STRAWBERRY,16.0,2024-02-13,AI4NIXLX2T,Skin care
LUNA LIP BALM MOIST ROSE,16.0,2024-08-16,VAZBMLMT5N,Skin care
HIGHTECH INSTANT VOLUME LIP FILLER N.2,299.0,2024-02-29,DZ9G5E309U,Skin care
LABELLO LIP MOIS 4.8G W.MELON,80.0,2024-07-28,LPNFMZXU5N,Skin care
VASELINE LIP THERAPY PETRO. JELLY 20GM ALOE VERA JAR,80.0,2024-11-28,L4BAF0UEKZ,Skin care
LABELLO LIP MOIS 4.8G SOFT ROSE,80.0,2024-02-06,CDQCBBF8QL,Skin care
LUNA LIP BALM MOIST BOXS 6PCS,96.0,2024-09-22,MO53Q23GOR,Skin care
LABELLO LIP DISNEY MOIS 5.5G CHERRY,80.0,2024-03-29,YP4T71ITDM,Skin care
NEXTEEN LIP BALM COLA,25.0,2024-09-29,B0RYXR3UR9,Skin care
BEESLINE LIP CARE SHIMMERY CHERRY 4GM,120.0,2024-11-16,AR4X9WRB6R,Skin care
AVENE CICALFATE LIP BALM 10ML,244.0,2024-08-26,Q5N6DHC2Y3,Skin care
LUNA KIT 4X1 (1 LIP BALM + 2 EMOL. HAND CR. + 1 FOOT CR.) #,130.0,2024-07-27,X3U96FNHS7,Skin care
HIGHTECH INSTANT LIP LIFT 3.5ML,890.0,2024-09-06,8M0OUNOGY3,Skin care
BEESLINE LIP CARE SHEA BUTTER&AVOCADO OIL 4GM,120.0,2024-11-13,EGDLFAB92D,Skin care
BIO. PHOTODERM AQUA LIGHT FLUIDE SPF50+,379.0,2024-03-17,WKGCUVKAWF,Skin care
BOBAI SUNSCREEN SPF 50+ – 60 ML HYDROCARE GEL,220.0,2024-07-01,SAQHE1C6KB,Skin care
BOBAI SUN BLOCK SPF80 – 50 GM CREAM,125.0,2024-02-05,OPAMF496BJ,Skin care
DERMATIQUE MATTIFYING FLUID 50ML SPF50+,380.0,2024-02-05,JPVLXAGNDK,Skin care
BIO. PHOTODERM AQUA FLUIDE SPF50+,379.0,2024-05-25,IYAVXOQGHL,Skin care
BIO. PHOTODERM MAX TINTED CR. 40ML SPF50+,379.0,2024-03-08,KTXIIZ0402,Skin care
ISIS NEOTONE RADIANCE SPF50+ 30ML,485.0,2024-03-25,3K0L9RJM23,Skin care
DERMABOND SUN CR. UVA & UVB 75GM SPF50+,280.0,2024-08-08,7WESH2JYOU,Skin care
BIO. PHOTODERM MAX FLUID 40ML SPF100,379.0,2024-02-25,G7T1DIC218,Skin care
BOBAI TINTED SUNSCREEN SPF80 – 60 GM CREAM,115.0,2024-06-13,BA2YWDKYKP,Skin care
BOBAI SUNSCREEN SPF 45 - 120 ML LOTION,150.0,2024-06-15,LJHD9E32AE,Skin care
NIVEA SUN PROTECT LOT. 200ML SPF30,225.0,2024-11-10,0SUQFJ35PZ,Skin care
AVENE. SUNBLOCK TINTED 50+ SPF CR. 50 ML,409.0,2024-06-29,7TSDCZNLC8,Skin care
LUNA AFTER SUN LOT.130ML TUBE,135.0,2024-03-18,GNDK6ZMPNV,Skin care
UVEPRO DRY TOUCH OIL FREE CR SPF 50+ 50ML OILY,205.0,2024-08-20,4R4NUSH292,Skin care
LUNA SUN TAN OIL SPR. 130ML SPF15(#),73.75,2024-03-22,EK6KR5DK9R,Skin care
GOLDEN ROSE WET DRY EYE SHADOW NO. 3,200.0,2024-06-27,RKDYS10H12,Beauty and perfumes
GOLDEN ROSE WET DRY EYE SHADOW NO. 7,200.0,2024-03-29,4LR160HHT6,Beauty and perfumes
PENTAJ DOUBLE LASH & BROW BOOSTER SERUM 10ML,180.0,2024-01-01,X6U2VAY8Q4,Beauty and perfumes
GR LASH PLUMPING MASCARA,285.0,2024-12-03,WZPXVG1641,Beauty and perfumes
ISADORA CONCEALER BRUSH,185.0,2024-04-15,PWB7HTV3CE,Beauty and perfumes
GOLDEN ROSE VISION LIPSTICK NO 105,90.0,2024-11-08,MK861LNHBJ,Beauty and perfumes
GOLDEN ROSE BB CREAM BEAUTY BALM LIGHT NO 1,245.0,2024-06-25,ZAB8TDGYNB,Beauty and perfumes
GOLDEN ROSE PRESSED POWDER NO 102,265.0,2024-10-02,MVIU52CAZQ,Beauty and perfumes
DERMATIQUE MAQUILLAGE PERFECT. CONCEALER 10ML WARM LIGHT,400.0,2024-09-30,QFTM437MAA,Beauty and perfumes
GOLDEN ROSE PRESSED POWDER NO 101,265.0,2024-11-20,VP8WRIQ54R,Beauty and perfumes
GOLDEN ROSE LONGSTAY LIQUID MATT LIPSTICK NO17,275.0,2024-12-05,TQVL53PZ6R,Beauty and perfumes
GOLDEN ROSE MOUSSE FOUNDATION NO 1,175.0,2024-09-15,3SA89TQT27,Beauty and perfumes
GOLDEN ROSE BB CREAM BEAUTY BALM MEDIUM PLUS NO 5,245.0,2024-02-24,6MBQ0XPMVZ,Beauty and perfumes
FE Makeup Brush Set 5 Pcs 849,84.9,2024-09-01,5KZJIUHAEM,Beauty and perfumes
DERMATIQUE MAQUILLAGE PERFECT. CONCEALER NEUTRAL MEDIUM 10ML,400.0,2024-09-08,MAL0J0HLD1,Beauty and perfumes
GOLDEN ROSE PRESSED POWDER NO 103,265.0,2024-11-16,6DIQ35NLXA,Beauty and perfumes
Makeup brushes 5 pcs on a color card 482,43.0,2024-11-13,KLG6SQ246L,Beauty and perfumes
GOLDEN ROSE MAKE-UP BAG 5 PC + FREE MEDIUM MAKE-UP BAG (9454),460.0,2024-02-04,HM0ZQ2XOM7,Beauty and perfumes
GOLDEN ROSE MINERAL TERRACOTA PWD NO 8,225.0,2024-10-22,JUYGC9R98E,Beauty and perfumes
GOLDEN ROSE BB CREAM BEAUTY BALM NATURAL NO. 3,245.0,2024-03-16,Z97JHV0HR8,Beauty and perfumes
Yves Rocher: EDPCOMME UNE EVIDENCE L'EAU DE PARFUM50ML,1269.0,2024-06-08,IJI6OKRC46,Beauty and perfumes
Yves Rocher: EDPSO ELIXIR PURPLE 50 ML BOTTLE,1269.0,2024-10-14,I789WOXRDL,Beauty and perfumes
Yves Rocher: EDP PLEIN SOLEIL 100ML,1371.0,2024-01-02,EXIP3OKD4W,Beauty and perfumes
Yves Rocher:EDP Evidence Collector 50 ml,1156.0,2024-08-21,7YQ04CNZJ7,Beauty and perfumes
Yves Rocher: MON EVIDENCE EDP 50 ml,1269.0,2024-08-10,K4VLXDOJ75,Beauty and perfumes
Yves Rocher: EDTFRESH ROSE 100ML BOTTLE,1024.0,2024-05-18,41H7TP0AWB,Beauty and perfumes
Yves Rocher: EDPOUI A L'AMOUR50 ml,1269.0,2024-12-09,49NHD00G82,Beauty and perfumes
Yves Rocher: QQND EDT 75 ML SPRAY,1269.0,2024-01-19,JAG4WE1JL3,Beauty and perfumes
Yves Rocher: EDT AMBRE NOIR100 ML BOTTLE,1398.0,2024-02-02,SMQKVMV3MS,Beauty and perfumes
Yves Rocher: EDT COMME UNE EVIDENCE HOMME 100ML,1493.0,2024-03-12,BQAHNR61IB,Beauty and perfumes
Yves Rocher: COMME UNEEVIDENCE L EAU SPRAY 75ML,1269.0,2024-06-18,QOADMDDF6Z,Beauty and perfumes
Yves Rocher: EDP SO ELIXIR FL 50ML,1269.0,2024-06-27,I5XVIIETL7,Beauty and perfumes
Yves Rocher: EAU FRAICHE CERISIER 100ML39497,1024.0,2024-07-29,I1WDXISMJC,Beauty and perfumes
Yves Rocher: EDP MATIN BLANC 100ML,1371.0,2024-03-05,FZLZWC9ZPC,Beauty and perfumes
Yves Rocher: EDP BOIS DE SAUGE BOIS DE SAUGE 100ML,1718.0,2024-01-14,Q0YP6CAE73,Beauty and perfumes
Yves Rocher: EAU FRAICHE MUGUET 100ML39812,1024.0,2024-12-24,0IGY8QAI53,Beauty and perfumes
ARDELL EYE LASH ADHESIVE CLEAR 7GM (259)ADHESIVE CLEAR,87.9,2024-08-09,EZV4192EKF,Beauty and perfumes
ARDELL EYE LASH MAGENTIC PRE-CUT DEMI WISPIES (4719),317.0,2024-10-03,ASOS898UAT,Beauty and perfumes
ARDELL SOFT TOUCH LASHES BLACK 156,82.9,2024-01-21,TZXC8X6Y8X,Beauty and perfumes
ARDELL EYE LASH GLAMOUR 141 (5089),98.0,2024-11-30,NICWTSJ1YN,Beauty and perfumes
ARDELL FASHION EYE LASH 107 BLACK,89.0,2024-12-15,LZ2LB9XYRA,Beauty and perfumes
ARDELL FASHION EYE LASH 123 BLACK,89.0,2024-08-11,L5ZOXACCZI,Beauty and perfumes
ARDELL EYE LASH FOX MINK 812 (57367),137.9,2024-08-18,LGB45VN7XH,Beauty and perfumes
ARDELL FASHION EYE LASH 103 BLACK,89.0,2024-09-29,FV3AKJFUX0,Beauty and perfumes
ARDELL ADHESIVE LASH TITE FLARE EYE LASH CLEAR 3.5GM (1314) Adhesive,102.0,2024-12-17,XZ8XYEF2SV,Beauty and perfumes
ARDELL EYE LASH STUDIO EFFECT 230 (4808),102.0,2024-11-15,FXLIPENM58,Beauty and perfumes
ARDELL EYE LASH STUDIO EFFECT 231 (4815),102.0,2024-11-05,IO1HWGB0W4,Beauty and perfumes
ARDELL MAGNETIC LASHES STRIP 113 (4597),317.0,2024-06-08,GLE8NLVDXD,Beauty and perfumes
ARDELL BROW GROWING KIT (5310),202.0,2024-10-08,MTFKSTXFJ7,Beauty and perfumes
ARDELL EYE LASH PRE-CUT 901 + DEW (4654),122.0,2024-06-15,V53QXZ6BJP,Beauty and perfumes
ARDELL EYE LASH MAGENTIC ACCENT 002 (79543),317.0,2024-11-07,KNKTEJPBIE,Beauty and perfumes
ARDELL EYE LASH 3D FAUX MINK 852 (4487),137.9,2024-09-10,35LV9VTV8V,Beauty and perfumes
HIGHTECH INSTANT LASH EXTENDER 13ML,650.0,2024-02-15,LDGADJWPVD,Beauty and perfumes
HIGHTECH INSTANT EYELID LIFT 10ML,1081.0,2024-05-02,40NDLPGA0Q,Beauty and perfumes
DELIA LASH & BROW ENHANCERIN 15DAYS 7M (6638,104.9,2024-02-11,2MN909A0TE,Beauty and perfumes
HIGHTECH INSTANT EYELID LIFT #,650.0,2024-07-18,6NEYUZ1M3J,Beauty and perfumes
"PALMERS HAIR FOOD FORMULA 50G VIT.A,D,E PROTEIN",41.0,2024-06-11,JU80MVSUKX,Hair care
LOREAL ELVIVE NO HAIRCUT CREAM 200ML DREAM LONG WEAKEND LONG HAIR,132.0,2024-10-14,0HL3A78AAG,Hair care
EVA KERATIN H.CLINIC LEAVE-IN CR.230ML DAMG H.,80.0,2024-08-31,FJTFV7YX2L,Hair care
BIOPOINT HAIR STRAIGHT.CR. 50ML Straightener + Stabilizer,22.0,2024-02-23,F0C5NV7PGE,Hair care
EN LIVEN ACTIVE CARE F/M H.GEL 500ML FIRM HOLD RED,99.9,2024-08-15,PZ3ZGJ8YJ1,Hair care
AFRICANA NPC SHEA BUTTER 75GM YELLOW,105.0,2024-11-02,KM8TKCP7J2,Hair care
LOREAL ELVIVE EX. NOURISH ORDINARY OIL REPLACEMENT 300ML,82.0,2024-02-03,U6KFQ73EGA,Hair care
PANTENE OIL REPLAC. 350ML MILKY DAMAGE,71.0,2024-04-07,S8MVLEBX4H,Hair care
EN LIVEN AMINO PRO-V H.SPR. 300ML ULTRA HOLD,144.9,2024-06-26,A3FLJ9XVAP,Hair care
EN LIVEN AMINO PRO-V H. MOUSSE 300ML ULTRA HOLD,149.9,2024-02-13,UZWNX80UPH,Hair care
GLATT STRAIGHTENER H.CR. 63GM STRONG,52.0,2024-06-28,V8JLYNSGF3,Hair care
ORS OLIVE OIL RELAXER KIT EXTRA 110995,160.0,2024-04-28,TZNQNB194A,Hair care
DIPLONA TOP 10 MATT GUM CR. 200ML,129.9,2024-08-12,H64DWMR6D4,Hair care
EN LIVEN GEL 500ML PROTEIN,99.9,2024-12-09,PJJD42Y74V,Hair care
DAX WAVE & GROOM H. DRESS 99GM GAR RED,235.0,2024-05-22,DLY0YZU93T,Hair care
HERANORISH HAIR REPAIR CR. 120ML (1+1)#,180.0,2024-06-18,UAR6BYIU47,Hair care
LUNA SHALE OIL ANTI-DAND. SH. 200ml ALL H.,129.0,2024-10-04,XTQJCWZRBO,Hair care
LOREAL ELVIVE SH. 400ML Dream Long – Weakend Long Hair,82.5,2024-05-08,04LQ2WL2BP,Hair care
HERBAL ESSENCES CLEAN SH. 400ML WHITE STRAWBERRY & SWEET MINT,125.0,2024-06-29,A7REU0NA8V,Hair care
HERBAL ESSENCES REPAIR ARGAN OIL SH. 400ML MORROCO,125.0,2024-06-16,1RK6F2NQTH,Hair care
GLOBAL KERATIN H. TAM SYSTEM MOIS SH. 300ml,440.0,2024-02-20,RU6KJ7A0MV,Hair care
EVA KERATIN CLINIC REVITALIZING SH. 230ML DAMG H.,75.0,2024-04-15,JP47HQQSAL,Hair care
VICHY DERCOS ANTI DANDRUFF SH. 200ML DRY HAIR,442.0,2024-04-16,2L7PZ2U43A,Hair care
VICHY DERCO DENSI- SOLUTION THICKENING SHAMPOO 250ML,494.0,2024-04-10,QYQOMVPNLE,Hair care
LOREAL ELVIVE ARGININE RESIST X3 SH.200ML ANTI-H.FALL,51.5,2024-02-26,MCF8M7JDXL,Hair care
VICHY DERCOS ANTI DANDRUFF SH. 200ML NOR/OILY H.,442.0,2024-11-29,6XRM3LPENT,Hair care
CLAIROL HERBAL SH. 400ML BEAUTIFUL ENDS SHAMPOO - LENGTH ALONG,90.0,2024-01-09,J2CCPGLROT,Hair care
CLEAR ANTI-DAND. MEN SH. 400ML DEEP CLEAN,93.0,2024-03-25,EAS395RL4F,Hair care
PREMCRYSTAL LOOK SH. 250ML,200.0,2024-06-07,KOUOK2GNLI,Hair care
PLANTOFIX SH. 200ML ANTI-DANDRUFF,175.0,2024-02-02,VFIFN06QM4,Hair care
ZERO FRIZZ COLOR CARE SH . 355ML,79.9,2024-06-18,3DRUXRIE45,Hair care
HERBAL ESSENCES SMOOTH GOLDEN SH. 400ML MORINGA OIL,125.0,2024-12-24,1SV07SQ3R9,Hair care
LOREAL ELVIVE COND 400ML Dream Long – Weakend Long Hair,82.5,2024-01-08,THSH0FM7OL,Hair care
EVA KERATIN H.CLINIC COND.230ML DAMG H.,80.0,2024-12-17,DB3J29JDDZ,Hair care
EN LIVEN FRUIT EXT. COND 400ML COCONUT&VANILLA,89.9,2024-06-19,BQ6C8J111V,Hair care
EVA ALOE EVA COND. 230ML ALOE VERA & MOROC. ARGAN OIL,40.0,2024-05-19,N6L0M9HBN8,Hair care
HERBAL ESSENCES COND. 400ML SMOOTH GOLD & MORINGA OIL,125.0,2024-06-02,APDIDEZ4S8,Hair care
LOREAL ELVIVE EXTRAORDNARY.OIL NOURISH COND 200ML DRY H,51.5,2024-07-16,OJQWPFQRIC,Hair care
HERBAL ESSENCES COND. 400ML WHITE STRAWBERRY & SWEET MINT,125.0,2024-07-07,CS7AVSOHME,Hair care
LOREAL ELVIVE COND 200ML Dream Long – Weakend Long Hair,51.5,2024-03-13,9H8Y1U0EHT,Hair care
CLAIROL HERBAL COND 400ML BEAUTIFUL ENDS conditioner,100.0,2024-05-06,TUF8BINCVF,Hair care
CLAIROL HERBAL COND. MOROCAN ARGAN 400ML,125.0,2024-07-27,X09JXB3TQI,Hair care
EVA GOLD ARGAN H.CLINIC COND 230ML ALL H.,90.0,2024-04-21,63LT014F9G,Hair care
DOVE SH. STRENGTH RITUAIL AVOCADO 400ML+ COND 350ML (#)),123.25,2024-11-30,266Q3WK8O2,Hair care
TRESEMME COND 400ML BOTANIX CURLY,130.0,2024-07-31,Z5SQL2LA0K,Hair care
BLESS LEAVE IN HAIR COND. 250ML,80.0,2024-03-18,Z7COW36ZEI,Hair care
VICHY DERCO DENSI- SOLUTION THICKENING BALM 150ML,494.0,2024-04-01,RBJU1U7WSN,Hair care
TRESEMME COND. 400ML KERATIN,130.0,2024-12-25,F9H0CH990J,Hair care
EVA KERATIN H.CLINIC MASK.200ML DAMG H.,110.0,2024-04-11,3B3WIWBGAT,Hair care
BIOPOINT H.TREAT. CR. 250ML MARROW,120.0,2024-02-03,RCB8F558PZ,Hair care
AFRICANA NPC ARGAN OIL HAIR MASK 225GM,169.0,2024-09-21,NHXAJW6OSQ,Hair care
ECRINAL. (ANP) HAIR MASK 125 ML,379.0,2024-03-26,W294TRX25Y,Hair care
DABUR VATIKA INTEN.NOURISH COND CR. 250ML STRONG H,25.5,2024-03-11,9VCHFNXN80,Hair care
TRIX REVITALIAING HAIR MASK 150ML ALL H.TYPE,202.0,2024-07-01,Z0SW64TPWU,Hair care
"DABUR VATIKA DEEP MOIS.COND CR. 250ML DRY, DULL H.",25.5,2024-09-20,WIID91K2IV,Hair care
BIOPOINT UNIVERSAL COND CR. 250GM,48.0,2024-06-29,LEPSSI3ZEP,Hair care
DABUR VATIKA DEEP COND CR 500GM GARLIC,45.0,2024-12-14,14BHDAYJQT,Hair care
DABUR VATIKA DEEP COND CR 250GM BLACK SEED,25.5,2024-03-14,GRJLH494BE,Hair care
LOREAL ELVIVE ARGININE RESIST X3 MASK 300ML H. FALL (NEW SHAPE),165.0,2024-05-26,R7DBM27FEW,Hair care
GLOBAL KERATIN THE BEST 300ML,4500.0,2024-09-15,2ULGJ9ZFM6,Hair care
BLENDS EXTRA VOLUME H. MASK 400ML BIOTIN & VITAMIN B7,54.9,2024-02-28,K7B1GMSE8R,Hair care
SEROPIPE # HAIR MASK 300 ML (20% OFF),190.0,2024-11-09,I421H64T0N,Hair care
ENERGY HOT OIL H.TREAT 500ML KERATIN زيتون,65.9,2024-07-13,7XXOGYVYR7,Hair care
FASH KOOL HOT OIL TREATMENT 1500ML HONEY&MILK,290.0,2024-12-25,5L3QKSI7DI,Hair care
EVA KERATIN H.CLINIC NOURISH OIL REPLACE 190ML,65.0,2024-11-17,3N2J23P93I,Hair care
VICHY DERCO DENSI – SOLUTION HAIR MASS SPR. 100ML,1052.0,2024-12-04,14D6NQCIM8,Hair care
ECRINAL. (ANP) LOTION (WOMEN) 200 ML,529.0,2024-02-21,2UZZF1RU1Y,Hair care
BIO HAYAH JOJOBA OIL 40 ML JOJOBA OIL,75.0,2024-02-22,DAX58IE3AF,Hair care
LOREAL ELVIVE EXTRAORDNARY OIL 100ML ALL H,240.0,2024-07-24,Y7HEQXRNLG,Hair care
ENERGY HAIR SERUM SNAKE OIL 60ML,170.0,2024-01-21,2AW4AKD4IW,Hair care
GLOBAL KERATIN H. TAM SERUM 50ML,480.0,2024-12-27,LSNI7XWXF8,Hair care
TRIX ANTI-HAIR LOSS LOTION 120ML,315.0,2024-11-02,GG7AD7KA56,Hair care
AFRICANA LIQIUD 25ML COCONUT OIL,49.0,2024-07-18,BJW1DNV1ZC,Hair care
ZERO FRIZZ TRIPPL SERUM BUTTER 148 ML,250.0,2024-01-07,OSM9P21UK4,Hair care
PREMCRYSTAL LOOK H. SERUM 70ML,230.0,2024-11-13,HNT52P8CZO,Hair care
AFRICAN NPC JOJOBA OIL 25ML,89.0,2024-05-12,LPYBEJL6ZA,Hair care
HERANORISH ANTI- HAIR LOSS LOT. 120ML (1+1)#,250.0,2024-07-04,ZXB0Q4R4E6,Hair care
AFRICAN NPC CASTOR OIL 25ML,55.0,2024-08-17,Z3P1VPJMTT,Hair care
ANIVAGENE SH. 200ML ANTI-DANDRUFF,199.0,2024-07-13,80URYZC5SE,Hair care
HEAD&SHOULDERS DANDRUFF SH. 400ML MENTHOL,77.5,2024-07-13,2P3JJJ7B2D,Hair care
CLEAR MEN SH. 360ML DEEP CLEAN (10g discount),83.0,2024-03-27,Q5XQ5SGS0F,Hair care
SEVOCASPA SH. 120ML ANTI DANDRUFF,61.0,2024-10-23,B5I1VCVYRQ,Hair care
HEAD&SHOULDERS CHARCOAL DETOX SH.200ML,56.0,2024-06-06,JGEVJC7C50,Hair care
HEAD&SHOULDERS DANDRUFF SH. 400ML CITRUS FRESH,97.0,2024-10-25,ARO8S8JVQV,Hair care
HEAD&SHOULDERS DANDRUFF SH. MENTHOL 190ML,56.25,2024-03-24,CGPPJLY9SG,Hair care
SELENGENA SHAMPOO 120 ML,85.0,2024-02-29,IHNMNA36LN,Hair care
CLEO GUARD ANTI-DANDRUFF SH. 200ML,200.0,2024-10-20,L749HMOVJ7,Hair care
PHARMACERIS-H SEBOPURIN SH. 250ML NOR 1570,250.0,2024-01-22,WOL2O6QSOF,Hair care
CLEAR SH. 180ML SOFT&SHINE,55.0,2024-08-30,0TWHHT4609,Hair care
BIO. NODE DS ANTI RECURRENCE SH. 125ML,309.0,2024-06-15,263SQFC997,Hair care
AFRICANA NPC ARGAN OIL HAIR MASK 225GM,165.0,2024-04-15,0318JZMAE5,Hair care
PANCREAT ANTI HAIR LOSS VIALS 4x10ML,320.0,2024-07-15,Q1K3CMNT6V,Hair care
ACM NOVOPHANE ANTI-HAIRLOSS LOTION 100ML,270.0,2024-06-26,XXWHES91OE,Hair care
SEROPIPE HAIR SPRAY 200 ML,215.0,2024-10-21,DB02PMWO5E,Hair care
ANIVAGENE LOTION HAIR TONIC MAN 125ML,315.0,2024-10-13,SM4L2O8Z8A,Hair care
KAMINOMOTO HAIR GROWTH ACCELERAT. LOT. 180ML,1250.0,2024-07-17,NVM0FOJHYN,Hair care
KAMINOMOTO TRIGGER HAIR GROWTH 180 ML,3850.0,2024-12-30,QGH59DLOXQ,Hair care
SCINO CARE H.NOURISHING SH. 250ML,220.0,2024-09-06,BNQH7ZULG2,Hair care
PLANTOFIX SH. 200ML HAIR LOSS,225.0,2024-02-27,LNT18L2NDR,Hair care
PROMENADE 5IN1 SH. 250ML CAFFEINE&KERATIN,120.0,2024-07-08,72DY16K12O,Hair care
ID TOUCH CURE PROTEIN 150ML,535.0,2024-12-20,2HDTNUPV21,Hair care
ANIVAGENE MASK HAIR REPAIRING 125ML,320.0,2024-10-28,1LX7D87HCC,Hair care
LOREAL ELVIVE TOTAL REPAIR 5 SH. 200ML DAMAGE H,51.5,2024-10-03,DUC4JEJM95,Hair care
LOREAL ELVIVE TOTAL REPAIR 5 OIL REPLACEMENT 300ML,82.0,2024-07-10,KE5FUXS3LV,Hair care
EVA KERATIN H.CLINIC UV PROTECTIVE SERUM 100ML,120.0,2024-01-03,ZCLGYN3T53,Hair care
EVA KERATIN ANTI - DANDRUFF SH. 230ML,75.0,2024-07-23,XBC2GF8SXG,Hair care
EVA GOLD ARGAN H.CLINIC HEAT GUARD 200ML ALL H.,115.0,2024-02-16,4BVKYTCQFO,Hair care
LOREAL ELVIVE TOTAL REPAIR 5 SH. 400ML DAMAGE H,82.5,2024-06-14,GIEJISE0HJ,Hair care
LOREAL ELVIVE TOTAL REPAIR 5 COND 200ML DAMAGE H,51.5,2024-10-27,4GIJJ58I0Z,Hair care
SOMANG KERATIN MILKY CR. 500ML F/DAMG H,350.0,2024-10-07,26FS0UXEN2,Hair care
AFRICANA NPC WIDE COMB,65.0,2024-01-04,YD7PA1BMDH,Hair care
AFRICAN NPC NARROW COMB,65.0,2024-11-17,YAPN8BZGCG,Hair care
TITANIA 08123/8060-30 Small Black Hair Pins,25.0,2024-04-26,QX5ZQ8T16S,Hair care
MIGO ميجو فرشاة انتي ستاتيك مقلم 03513,135.0,2024-12-08,063W4SSXI6,Hair care
TITANIA 08124/ 8061-30 Small Golden Hair Pence,31.0,2024-05-11,UNS0JCAU80,Hair care
MIGO 3375 فرشاة شعر مستطيل 2لون,84.5,2024-09-01,VWN3CGVFK8,Hair care
MIGO 3529 فرشاة شعر عسلي بيضاوي مفرغ,72.5,2024-11-22,M2QHF1U6BI,Hair care
MIGO 3514 فرشاة انتي ستاتيك مقلم,137.0,2024-11-06,A6GW97RWVX,Hair care
MIGO CODE 03511 فرشاة انتي ستاتيك بني وسط,83.0,2024-07-27,P4N0Y3FI41,Hair care
MIGO 3528 فرشاة شعر مفرغ عسلي,64.5,2024-08-21,34XK0VRJE5,Hair care
MIGO 3512 فرشاة انتي ستاتيك شنطة,106.0,2024-10-05,DNNVOHD2BC,Hair care
MIGO CODE 520 فرشاة انتي ستاتيك بيضاوي وسط,94.0,2024-04-07,GN8PX92Y5L,Hair care
MIGO CODE 03519 فرشاة انتي ستاتيك مستطيل,145.0,2024-05-29,E1JN9QVFW7,Hair care
MIGO CODE 508 فرشاة انتي ستاتيك بني بيضاوي,106.0,2024-11-05,QYRKG1ZMNA,Hair care
MIGO 3379 Vacuum Straightening Hair Brush,123.5,2024-06-29,97WF75IX2I,Hair care
HAIR BRUSH فرش ومشط,25.0,2024-04-05,PLYR4DSSWN,Hair care
BRAUN SATIN HAIR AITSTYLER 1000 WATT AS530 STYLER,1550.0,2024-12-21,1WFGX754EQ,Hair care
BABYLISS. HAIR DRYER 2598PSDE Hair Straightener,1080.0,2024-01-28,8PXPKAFVS8,Hair care
BABYLISS. DRY HAIR STRAIGHTENERS ST326E Hair Straightener,1050.0,2024-11-07,5L0W850DL3,Hair care
BABYLISS. HAIR STRAIGHTENERS ST330E Hair iron & curler,1400.0,2024-10-04,5J7PTVE6SL,Hair care
PHILIPS. BHS 375 Ceramic Iron,1840.0,2024-03-03,I9OKGHRZF1,Hair care
BABYLISS. HAIR DRYER 5336PSDE HAIR DRYER,1200.0,2024-10-18,6AT4AJYFFB,Hair care
BRAUN SATIN HAIR 7 BR710 HAIR BRUSH,885.0,2024-11-12,4VXV90BF9Z,Hair care
BABYLISS. HAIR STRAIGHTENERS ST410E Hair Straightener,600.0,2024-09-13,YA5MRWUG5T,Hair care
BABYLISS. DRY & WET HAIR STRAIGHTENERS ST327E Iron Wet & Dry Hair,1070.0,2024-01-14,AM8LN6B24L,Hair care
BABYLISS. HAIR DRYER 6604E HAIR DRYER,575.0,2024-07-22,G4TVABC2N8,Hair care
BRAUN SOLO HD180 Hair Dryer,770.0,2024-03-18,1SWVGE1N5J,Hair care
PHILIPS. BHS378 Keratin Ceramic Iron,3011.0,2024-12-23,88TBCOEUN6,Hair care
"PHILIPS. BHD170 HAIR DRYER 2200W, hair dryer",1259.0,2024-08-14,74QD95YYGN,Hair care
BRAUN SATIN HAIR ST750 Hair Straightener,1840.0,2024-04-11,BPCZ6GZ1KI,Hair care
BABYLISS. HAIR STRAIGHTENERS ST420E Hair Straightener,710.0,2024-02-09,OLX0UFUHAF,Hair care
BABYLISS. DIAMOND HAIR STRAIGHTENERS ST325E Ceramic Iron,545.0,2024-03-08,8UVQXC70ZQ,Hair care
BIOPOINT SUPER BLEACH PWD 10GM WHITENING POWDER,7.0,2024-06-12,953XZOMT1V,Hair care
BIOPOINT SUPER BLEACH PWD 50GM WHITENING POWDER,20.5,2024-06-18,KYDG4TP9F9,Hair care
BIOPOINT OXYGEN 30 75GM,9.0,2024-08-16,Z25N2K9E0A,Hair care
PHARMAKON – N CREAM 200GM,240.0,2024-06-02,9T4D47SJA4,Hair care
CHI COLOR GENERATOR VOL.20 85ML,40.0,2024-11-17,Q27GK3RGUK,Hair care
DABUR VATIKA HENNA H.COLOR PWD BROWN,20.0,2024-04-10,YK9A0RXXBP,Hair care
GLORY HENNA PWD 10GM BLACK,30.0,2024-10-15,MG4Z17U9RG,Hair care
DABUR VATIKA HENNA H.COLOR PWD BLACK,20.0,2024-07-31,O63WFBDS4Q,Hair care
LUNA OXYGEN CR.30,20.0,2024-05-19,BHMFTGF95T,Hair care
EVA JOLIEVA FACIAL&BO.HAIR BLEACHING CR.40GM,45.0,2024-12-07,I90RYKZNZ5,Hair care
LUNA HYDROGEN PEROXIDE OXYGEN 10 80ML,15.0,2024-03-07,31P6I23ERO,Hair care
LUNA HYDROGEN PEROXIDE OXYGEN 30 80ML,17.0,2024-08-03,TB5YW0WOIH,Hair care
ELEA COLOR FOR WOMAN NO.8.1,120.0,2024-10-19,BR7WJJCSY8,Hair care
BIGEN H.COLOR PWD 48 DARK CHESTNUT,80.0,2024-06-01,CDJQCCN0SY,Hair care
GLORY HENNA PWD 10GM BROWN,30.0,2024-10-15,IMEMQR5NIZ,Hair care
LOREAL PRODIGY EXTRAORDINARY H.COLOR 6-6 GARANCE,210.0,2024-02-27,E8RQIFZYNI,Hair care
FRESH BUZZ 775ML TRAVEL BINDER,189.0,2024-03-26,VPQNO05PCS,Body care
FRESH BUZZ 650ML TRAVEL BINDER,175.0,2024-04-01,JZMC0SUAII,Body care
Foam hemorrhoid base,245.0,2024-08-28,L55QUNMBIM,Body care
Scholl skin peeling and sanding device with charge,131.0,2024-06-10,K2SOEKLA09,Body care
BEURER FOOT SPA CODE FB12 Hydromassage Device,1199.0,2024-07-12,AI9GR56397,Body care
BEURER INFRAROT MASSAGER COD.MG80 Massager,2349.0,2024-05-31,VESMKUNPDA,Body care
BEURER INFRAROT MASSAGER COD.MG40 Massager,949.0,2024-04-15,N2HA3Z8DGT,Body care
BREMED. Massage stick code 7400,550.0,2024-02-17,PB5XXVIRP6,Body care
BEURER HEATING PAD CODE.HK25 COMFORT-HK45,1299.0,2024-11-20,5BJPZXKLQM,Body care
BEURER MASSAGE COD.MG21 Massager,699.0,2024-05-17,YWG54UJTIN,Body care
BEURER COD.CM50 Cellulite Massager,1099.0,2024-10-31,S3W9UETV3V,Body care
VIBROACTION MASSAG BELT NO.W-12 Sauna and Massage Belt,638.5,2024-06-22,57NOBEFHJF,Body care
FOAM .RING CUSHION 2046001,470.0,2024-10-12,5NQXXN5RFS,Body care
FOAM .MEMORY FOAM 2007001,645.0,2024-05-02,ULK9T1SNT0,Body care
foam neck pillow,177.0,2024-01-06,JOJPT08P2Q,Body care
BREMED NO.BD7300 VACUUM MASSAGER WITH BATTERY MASSAGER,1900.0,2024-03-21,XKHOZJFQVV,Body care
LUNA EMOLLIENT CR HAND&BODY COCOA BUTTER 75GM,35.0,2024-11-25,WFJRCHSVZ5,Body care
LUNA QUICK&CLEAN HAND CLEAN GEL 50ML CANDY,17.0,2024-04-12,N0BHSA4XHN,Body care
LUNA QUICK&CLEAN HAND CLEAN GEL 50ML NATURAL,17.0,2024-07-21,F5FY178HHQ,Body care
VOLUME SAFE & CLEAN HAND MOISTURIZER 3*1 120ML,20.0,2024-07-31,R9COGOPV2I,Body care
LUNA EMOLLIENT CR. 20GM for cracks,21.0,2024-10-17,NBRS7FIINY,Body care
KARESSE HAND CLEANS GEL 50ML FRUITS,18.5,2024-10-31,IWXB8E7F23,Body care
SKINCODE BRIGHTENING HAND CREAM 75ML,704.0,2024-07-23,MYY8R965F0,Body care
HANDY SANITIZER GEL 65ML,20.0,2024-02-28,QTHERQFW0X,Body care
EVASILINE HAND CREAM 60 ML,40.0,2024-08-08,OOTH4E2YUP,Body care
NATURES BOUNTY FACE&BODY MOIS.CREAM 560ML SHEA BUTTER,149.9,2024-04-28,ZDZS8YOB7A,Body care
AFRICANA NPC (HAND WASH + HAND WASH 250ML) #,49.0,2024-11-01,9HY04ASXSI,Body care
SEKEM INSTANT (70% ALCOHOL) HAND WASH 60 ML,35.0,2024-06-23,0V1JAGS1DF,Body care
KARESSE HAND CLEANS GEL 50ML KIWI,18.5,2024-05-18,CIS11D8D9Y,Body care
"STRALINE HAND CR. 75ML WITH OMEGA 3,6 & 9",173.0,2024-04-17,L6BR4NOOFC,Body care
NUXE HAND&NAIL CR. 50ML ALL SK,299.0,2024-06-22,GDTC9CC7OZ,Body care
LUNA QUICK&CLEAN HAND CLEAN GEL 100ML NATURAL,24.75,2024-06-10,CMTX55M7B0,Body care
LUNA EMOLLIENT CR. 40GM for cracks,32.0,2024-04-20,Z4099MMD5B,Body care
EVA FOOT PWD 50GM MENTHOL MENTHOL FOOT POWDER,30.0,2024-05-25,SGA6VTG7T8,Body care
UREPAR FOOT CR. 75ML,173.0,2024-02-13,ZYBQPYFUY1,Body care
LUNA SUPER EMOLLIENT CR.50GM للتشققات,51.0,2024-02-10,MHGEUOUKO8,Body care
EVA MAN LOOK FOOT PWD 50ML ALOE VERA,31.25,2024-02-06,8KOLXEIMBW,Body care
EVA FOOT PWD 50GM ALOE VERA,30.0,2024-03-11,L7DJNY8BKR,Body care
EVA MAN LOOK FOOT PWD 50ML MENTHOL,31.25,2024-12-23,3AME8HT4UC,Body care
BEESLINE FEET&HEELS REPAIR CR. 150ML,275.0,2024-10-10,JAOT73YAAY,Body care
GLYSOLID B.LOTION 200ML SENSITIVE,50.0,2024-06-04,GTXIB5U3V5,Body care
LUX SHW.GEL 500ML DREAM DELIGHT (#),74.0,2024-11-12,O5XBGGMFG5,Body care
LE PETIT MARSEILIAIS GENTLE SHW. Gel 400ML MILK,56.25,2024-12-22,BZROVVTTNE,Body care
FA SHW.GEL 250ML SPORT,44.3,2024-06-08,2J8O0CUFLW,Body care
LOREAL MEN EXPERT SHW. GEL 300ML COOL POWER,135.0,2024-08-08,G8HASB5LOI,Body care
J&J VITA-RICH BO. COCOA . WASH 400ML,43.0,2024-09-16,ZPSSVPGUYA,Body care
GLYSOLID LOTION 200ML,50.0,2024-11-03,VSGMJYD6ZI,Body care
MARSELLIA SHW CR. 250ML MILK,37.5,2024-11-08,F62T43Z3UO,Body care
VASELINE INTENS LOT. 400ML COCOA RADIANT,175.0,2024-06-29,LPWJHA8TLU,Body care
J&J VITA-RICH SMOOTHING BODY WASH 250ML YOGURT HONEY & OATS,35.0,2024-06-03,O5BM8WVDQ7,Body care
LUX SHW.GEL250ML  لوفة +لمسة مخملية,57.0,2024-08-07,6XYD27W9TT,Body care
FA SHW.GEL 250ML COCOA BUTTER,35.0,2024-02-17,EZXFTLJYOS,Body care
SHAAN # (BODY MILK + REJUVENATION CREAM 50%),215.0,2024-02-09,7GGLR0K4XS,Body care
LUX SHW.GEL 500ML MAGICAL BEAUTY سحر الجمال #,74.0,2024-03-22,W18B62WBWK,Body care
LIFEBUOY BO. WASH 300ML TOTAL CARE,72.0,2024-06-06,30MSPF4XNV,Body care
DETTOL ANTI-BACTERIAL SHW.GEL 250ML FRESH,80.11,2024-11-25,ZIL2BV7S6M,Body care
NATURES BOUNTY FACE&BODY SCRUB 560ML COFFEE &WALNUT,149.9,2024-07-09,1ASXN4FTR5,Body care
J&J CLEAN&CLR. SKIN CLEAR DAILY SCRUB 100ML,75.0,2024-12-26,EKKJV0LQ3P,Body care
NATURES BOUNTY VENOS SCRUB STRAWBERRY 600ML,149.9,2024-01-18,E24FHCN2UI,Body care
NUXE BO.FONDANT BO.SCRUB 200ML,339.0,2024-06-03,LA5BC373AV,Body care
BOBANA SCRUB CR. 300GM COFFEE صنفرة قهوة,48.0,2024-07-02,PGPUUUVIDE,Body care
NATURES BOUNTY VENOS ARGAN OIL MASK 600ML GOLD,149.9,2024-07-21,08UJY8XM14,Body care
NATURES BOUNTY VENOS SCRUB 600ML APRICOT &ELDER (75526),149.9,2024-06-16,WCKI9WDJO2,Body care
BOBANA SPA YOGURT SALT 300GM ملح زبادى سبا,30.0,2024-08-23,2EB9SAZDXO,Body care
BEESLINE EXPR. BODY STRAWBERRY & YOGURT SCRUB 25GM,59.0,2024-03-31,I2ZYYS0FHY,Body care
ZURIA DEAD SEA BODY SCRUB 170ML,150.0,2024-06-29,XYI11G9J22,Body care
BOBANA SPA BERRIES SALT 300GM ملح توت سبا,30.0,2024-12-15,TVIME0LTUV,Body care
UREPAR BODY CR. 200ML,233.0,2024-12-14,NHGRBV69LO,Body care
VASELINE BO.LOT.200ML COCOA RADIANT,105.0,2024-09-22,I0C4Q5BFA8,Body care
NATURES BOUNTY COLLAGEN ELASTIN CR. 600ML,149.9,2024-05-03,YXP4FM4F3G,Body care
VASELINE PURE PETRLOEUM JELLY 50GM,39.0,2024-02-11,FCDE9FPPDI,Body care
"NIVEA BO.LOT.NOURISH 400ML DRY,V. DRY SK. PUMP",200.0,2024-11-06,MKKIHEKPWH,Body care
VASELINE HEALTHY EVEN TONE LOT. 400ML VIT B3,150.0,2024-10-29,VNOVYP0CCR,Body care
VASELINE PURE PETROLEUM JELLY 250ML ORGINAL,115.0,2024-07-06,M6DFIKXA1I,Body care
STRALINE EMOLLIENT CREAM FACE&BODY 200ML,214.0,2024-12-19,8W4X63KJP5,Body care
VASELINE PURE JELLY 100GM COCO BUTTER ORGINAL,60.0,2024-10-09,ZVZXKDHKT0,Body care
VASELINE PURE JELLY (2X100GM) COCO BUTTER ORGINAL,60.0,2024-02-05,PCP7775PYU,Body care
MIGO 41267 Moroccan Loofah,24.0,2024-07-13,JSPUX2JIE9,Body care
MIGO CODE 41242 Love Spa 1+1,29.0,2024-09-23,68MSUK92OW,Body care
MIGO CODE 877/41247 لوف شاور باستيك,13.0,2024-08-21,KDOTJJHWH3,Body care
MIGO 41162 سبا لوفة كف صغير,14.0,2024-12-16,OS7Y1KZWTA,Body care
MIGO 41177 Double Finger Loofah Spa,35.0,2024-08-23,ZPXS7OS0PA,Body care
MIGO CODE 41235 Love Spa 2 Pcs,31.0,2024-08-14,XUEKTXE8D0,Body care
AQUA MASSAGE CODE 163E اسفنج حمام بيبى ناعم,30.0,2024-06-12,EEHQ63E8Z5,Body care
MIGO 41256 GUANTEE DEW BASHKER AND LOVE,26.0,2024-02-18,6G0DLN38CC,Body care
MIGO CODE 945/41219 Back Loaf with Rope,38.0,2024-09-22,VSBIS629GE,Body care
MIGO CODE ميجو سبا لوفة ظهر 956/41180,24.0,2024-10-20,X3MM6S9QHY,Body care
AQUA MASSAGE CODE 954 اسفنج استحمام جراب صابون,63.0,2024-11-10,7P2HCQGU3N,Body care
MIGO 41187 ميجو سبا لوفة قلب,22.0,2024-11-04,MK1R3URRQI,Body care
MIGO CODE 808/41183 Double Square Love Palm,36.0,2024-11-24,JPDLLF9LGC,Body care
MIGO CODE 41217 LOVE GUANTEE DOUBLE,33.0,2024-09-10,ZAY69VZJYB,Body care
MIGO CODE 358/41241 لوف حمام 1/2 كوز بيد,26.0,2024-12-08,YRJF2EZIFW,Body care
MIGO 41165 سبا لوفة باستيك بيضاوي,17.0,2024-08-03,KBCT6AAEHX,Body care
KARESSE HAND CLEANS GEL 500ML,74.0,2024-04-15,AT3LBUFM7V,Body care
MOROCCAN SOAP OIL 850GM OLIVE OIL,240.0,2024-01-12,3LQRWEY4FO,Body care
LUNA GLYCERIN SOAP 72 GM GLYCERIN SOAP,30.0,2024-06-05,8056PIYAIF,Body care
DETTOL ANTI BACTERIAL HAND WASH 400ML SKIN CARE,90.0,2024-09-26,C4MV0MNPPW,Body care
CALOLITE 100 GM SOAP,88.0,2024-03-09,WKHV3Z3YN9,Body care
LUNA GLYCERIN SOAP 115 /120 GM GLYCERIN SOAP,40.0,2024-04-28,1EBTUXQLZD,Body care
KARESSE HAND CLEANS GEL 400ML,55.0,2024-03-24,ITOBQZI0P8,Body care
DETTOL ANTI BACTERIAL SOAP 175GM ORIGINAL,20.0,2024-02-12,DY0SDSNRTY,Body care
LUX. BEAUTY SOAP 120/125GM,12.5,2024-02-04,DQE55143LM,Body care
DETTOL ANTI BACTERIAL SOAP 165GM SKINE CARE,20.0,2024-04-30,LO9YDXD0N2,Body care
DOVE WHITE CREAM SOAP 100GM,30.0,2024-11-23,5OFTD51U63,Body care
PEARS. CLEAR SOAP YELLOW / ORIGINAL 125GM,65.0,2024-01-22,4MAJ2GP9UK,Body care
LUNA QUICK CLEAN ANTI BACTERIAL HAND SOAP 1 LITER,82.0,2024-06-10,QJGS4RWL8C,Body care
LIFEBUOY ANTI BACTERIAL SOAP 75 SOFT CARE,7.5,2024-06-08,LIY4G2HWR2,Body care
DETTOL ANTI BACTERIAL SOAP 165GM COOL,20.0,2024-10-02,WSYWKYJYTR,Body care
LUNA QUICK CLEAN ANTISEPTIC GLYCERIN SOAP 115GM,27.5,2024-02-27,6O66EGT29X,Body care
DR SAFE EAU DE COLOGNE 125 ML LAVANDER,44.0,2024-02-17,24CMRUDN0Y,Body care
DR SAFE EAU DE COLOGNE 125 ML LEMON,44.0,2024-01-16,F75KXHFQ6B,Body care
DR SAFE EAU DE COLOGNE 250 ML LAVANDER,78.0,2024-03-14,EM780HZN09,Body care
LUNA EAU DE COLOGNE 250ML HOLLYWOOD,73.0,2024-09-28,MZCK4AFV92,Body care
DR SAFE EAU DE COLOGNE 250 ML LEMON,78.0,2024-11-03,WX8NJX2LMU,Body care
DR SAFE EAU DE COLOGNE 500 ML LEMON,140.0,2024-07-25,EKZXTUE8DH,Body care
LUNA EAU DE COLOGNE 250ML AQUA FRESH,73.0,2024-12-12,X5UI1UZEYF,Body care
DR SAFE EAU DE COLOGNE 500 ML LAVANDER,140.0,2024-12-21,Z6EZXJR9HF,Body care
LUNA EAU DE COLOGNE 250ML PINK DESIRE,73.0,2024-01-22,E04JQFWVX9,Body care
LUNA EAU DE COLOGNE 250ML MAN POWER,73.0,2024-09-14,FZTH19O1HI,Body care
LUNA EAU DE COLOGNE 250ML LIME SPLASH,73.0,2024-02-15,HTZCJ3172E,Body care
MEMWA BODY MIST. 250ML GOOD LADY,207.0,2024-08-03,K4Y0VB0FYR,Body care
AWESOME BO. SPLASH 120ML OUD,89.0,2024-04-09,ALWZXFMCII,Body care
MERTY BODY SPLASH 250ML VANILLA SUGAR,120.0,2024-01-11,84LG76DTSK,Body care
MERTY BODY SPLASH 250ML BLACKBERRY KISS,120.0,2024-07-21,7Y3O5G1C2G,Body care
AWESOME BO. SPLASH 120ML SUNKISSED ROSES,89.0,2024-06-18,FQ16WC6BZ4,Body care
FINE TISSUES 10/12PCS POCKET TISSUE BAGS,2.5,2024-04-08,PYNAZNQM0O,Body care
LANA TISSUES 400PCS كيس مناديل,25.5,2024-06-08,HRDDB3RKJO,Body care
FINE 550 (3×1) #,87.0,2024-05-06,R5GHBAXUM7,Body care
SANITA CLUB 2PCS بكر تواليت,6.0,2024-09-10,12CMIWMOA0,Body care
FINE TISSUES 10pcs Fruit Pocket Tissue,2.5,2024-09-29,7UG8UVOBNM,Body care
FINE TISSUES 120PCS مناديل ايزي باك,8.0,2024-04-06,RJ2JTD43H4,Body care
FINE TOILET PAPER 2PCS. تواليت جامبو فنادق,14.0,2024-06-11,SQT492JEWM,Body care
FINE TOILET PAPER 2PCS بكر تواليت مضغوط,26.0,2024-10-19,MP2KRISIUD,Body care
ZEINA. TISSUES 550PCS زينة كيس مناديل – 550 منديل,21.0,2024-02-11,PHE902H0QN,Body care
LANA TISSUES 550PCS كيس مناديل +WIPES 10PC HAND SANITIZING,31.0,2024-08-23,PY0XITFHSA,Body care
LANA TISSUES 2PCS بكر مضغوط,24.5,2024-04-15,9Z1TDUEV3M,Body care
PAPIA 550X18 مناديل,34.0,2024-09-12,8X321E5SF2,Body care
SANITA GIPSY TISSUES 550PCS (1X3) # سانيتا جيبسى عرض,78.0,2024-10-28,1WBK9FLRSH,Body care
FINE TISSUES 400PCS (3X1) مناديل وجه معطرة عود #,108.0,2024-03-03,D530UYW72D,Body care
FINE TISSUES 200PCS (4X1) مناديل سحب برستيج #,72.5,2024-01-20,31985AJ1CG,Body care
PAPIA 24X2 بكر تواليت,19.5,2024-04-18,UYWWKY9MEH,Body care
LANA WET WIPES 10PCS HAND SANITIZING,4.0,2024-05-23,P4X4RERHAP,Body care
WIPE IT ALCOHOL WIPES 14PCS,35.0,2024-06-07,40YPEW23EM,Body care
DETTOL ANTI BACTERIAL WIPES 20PCS,65.34,2024-06-27,1QP6Z1M432,Body care
DETTOL ANTI BACTERIAL WIPES 40PCS,110.33,2024-05-18,6DPQ8WY0OC,Body care
LANA WET WIPES 120PCS كحول,32.0,2024-08-30,4MZ13W645T,Body care
DETTOL ANTI BACTERIAL WIPES 10PCS,36.0,2024-03-24,ITWIQN7FAC,Body care
DETTOL ANTI BACTERIAL WIPES 10PCS FRESH,36.0,2024-12-12,P3UXTHN0I9,Body care
DETTOL ANTI BACTERIAL WIPES 10PCS SKIN CARE,36.0,2024-05-10,MUVLJIXD11,Body care
EASY CARE REFRESH WIPES 20WET,15.0,2024-11-01,HYXGO9US22,Body care
BEMBO WET WIPES TRAVEL 72PC,18.75,2024-08-21,L13E6T9312,Body care
BEMBO WET WIPES TRAVEL 120PC,30.0,2024-08-13,HD4IMDW1R1,Body care
LANA WET WIPES 72PCS كحول,21.0,2024-07-22,HMGE97M2Z9,Body care
LANA WET WIPES 120PCS كلاسيك,32.0,2024-02-07,99NA41VBG2,Body care
SUNBRIGHT FAMILY WIPE 40PC 13087 مناديل مبلله عائليه,18.5,2024-02-20,2QHO45PZ7O,Body care
EASY CARE EASY BUCKET 12 GARDENIA 2020,3.0,2024-03-25,43OEBKFSON,Body care
AFRICAN NPC ANTI BACTERIAL CLEAN CARE WIPES,30.0,2024-05-17,2ICR5PYU6J,Body care
SEPTONA COTTON BUDS 200PC COTTON EAR RECTANGULAR BOX,21.5,2024-01-26,L1THCW0Z1C,Body care
Isabella Cotton ear 100 rounded sticks 34665,16.0,2024-12-28,TLPWGP1AUI,Body care
MIGO COTTON BUDS 18072 200PC COTTON RECTANGULAR EARS,38.0,2024-12-13,38J0YTOFPU,Body care
COTONEVE 200 COTTON BUDS 35118 قطن أذن 200 عود مربع,27.0,2024-11-11,7ALL17VDY9,Body care
QUALITA COTTON BUDS 300PCS WHITE,30.0,2024-07-02,51F6IYJ9LM,Body care
QUALITA COTTON BUDS 200 PIECES WHITE,22.0,2024-01-24,QESZOKOCOU,Body care
QUALITA COTTON BUDS 100 PIECES COLOR,15.0,2024-12-07,77IFX0TACX,Body care
SEPTONA COTTON BUDS 300PC قطن اذن مستطيل,32.0,2024-11-08,PZWLBT9NM0,Body care
MIGO COTTON BUDS 18071 200PC قطن اذن مدور,33.0,2024-02-13,M4T7KI7GJ2,Body care
QUALITA COTTON BUDS 300PCS COLOR,40.0,2024-10-24,31TRS2VQ9H,Body care
SEPTONA KIDS COTTON BUDS 100PC قطن اذن مدور اطفال,16.0,2024-03-20,NDAT79C2L3,Body care
TULIPS 200PC EAR COTTON,19.5,2024-12-04,6DQG4MMTTX,Body care
Isabella cotton ear 200 pcs round 34672,25.0,2024-02-11,IYNPP7LYII,Body care
COTONEVE 56 KIDS COTTON BUDS 55806 COTTON EARS 56 KIDS,30.0,2024-03-30,019B459UUL,Body care
FE BABY COTTON BUDS 60PC قطن اذن اطفال,54.0,2024-05-07,NBWRU1N8RL,Body care
ايزابيلا قطن اذن 50عود اطفال 55041,16.0,2024-11-22,X7Q17Q01Q6,Body care
LISTERINE MO.WASH 250ML ADVANCED TARTAR CONTROAL,65.0,2024-02-20,V1OX5ELO87,Oral care
DR. PHI ANTISEPTIC MOUTH WASH (MINT) 30ML,15.0,2024-10-22,PS0F7HRA6R,Oral care
LISTERINE MO.WASH 250ML FRESH BURSTGREEN,60.0,2024-06-21,QKM4DSP04B,Oral care
LISTERINE MO.WASH 250ML COOL MINT ازرق,60.0,2024-09-03,CLMC0JHNPV,Oral care
LISTERINE MO.WASH 250ML ZERO TEETH&JUM DEFENSE,65.0,2024-09-01,JKDFD0HMHA,Oral care
KONASENS MOUTH WASH 250ML CINNALOVE,39.95,2024-10-21,2D028GJI5U,Oral care
KONASENS MOUTH WASH 250ML PINA COLADA,34.95,2024-11-24,6V6U5DF9IG,Oral care
ORO WHITE MOUTH WASH FRESH 300ML STRAWBERRY,40.0,2024-03-08,0PN01IIQY6,Oral care
FRESH TALK MOUTH SPR.20ML SPEAR MINT BLUE MOUTH MIST,69.0,2024-05-23,CA23MBV1VP,Oral care
FRESH TALK MOUTH SPR.20ML LEMON Yellow Mouth Freshener,69.0,2024-05-11,6NPN9I88LI,Oral care
DENTIPLUS FRESH BREATH MOUTH SPR. 25ML COOL MINT,79.9,2024-03-12,QKLXCXJCAK,Oral care
HORAS MOUTH SPRAY 60ML MENTHOL,45.0,2024-08-10,B6TW28XXBP,Oral care
HORAS MOUTH SPRAY 60ML ORANGE,45.0,2024-10-14,1K0SZSSDKV,Oral care
FRESH SPEARMINT MOUTH SPR.18ML EXT.STRENGTH Mouth Freshener,30.9,2024-08-16,N9669NC4XB,Oral care
ORAL-B DENTAL ESSENTIAL FLOSS UNWAXED 50M,125.9,2024-10-07,02IKCN47OQ,Oral care
DENTAL FLOSS&TOOTHPICK30 /40PC خلة بلاستيك بالخيط,13.5,2024-09-22,Z80E1VUMM2,Oral care
ORAL-B DENTAL ESSENTIAL FLOSS WAXED 50M,125.9,2024-02-07,3A0I4ZM58O,Oral care
FUCHS DENTAL FLOSS 25M WAXED WITH MINT خيط اسنان,49.0,2024-06-15,LQZGHY2D9B,Oral care
ORAL-B DENTAL SATIN FLOSS TAPE 25M MINT,125.9,2024-06-17,7VAQ79MS7A,Oral care
MIGO 19163 TOOTHPICK BAMBOO STICKS 450PC خله خشب مدور,23.0,2024-08-23,OUOP4ICQP1,Oral care
MIGO 19184 TOOTHPICK BAMBOO STICKS 350PC خله خشب مدور,20.0,2024-09-18,WWZS84ZVXC,Oral care
MIGO 19169 TOOTHPICK BAMBOO STICKS 250PC خله خشب مدور,13.0,2024-07-17,PV5PQPLI7M,Oral care
ZI DENTAL FLOSS PICKS 30PCS زى خله اسنان علبه بلاستيك 30ق,15.0,2024-09-21,GRT0TQBGYS,Oral care
MIGO 19092 TOOTHPICK BAMBOO STICKS 200PC خله خشب مدور,12.0,2024-06-12,V6YXCFA6RT,Oral care
MIGO 19166 TOOTHPICK BAMBOO STICKS 300PC خله خشب مدور,18.0,2024-11-17,RZYG3EWZUF,Oral care
خيط اسنان طبى د فلودنت 6 نكهات,40.0,2024-03-28,99NPKOB5AN,Oral care
ORALEX DENTAL FLOSS MINT خيط اسنان,25.0,2024-09-14,5A46DL6DIN,Oral care
MIGO 19168 TOOTHPICK BAMBOO STICKS 400PC خله خشب بيضاوي,21.0,2024-04-23,9FXANHUTV0,Oral care
ORAL-B INTERDENTAL REFILL cylinder mattress replacement,57.0,2024-12-20,N7ASEP7DZV,Oral care
CLOSE UP TOOTHPASTE 75ML WHITE NOW,45.0,2024-04-18,8GG2YCVG2B,Oral care
LUMACOOL TEETH WHITENING PEN 2.5ML قلم لتبيض الأسنان,350.0,2024-05-12,4B684X26MT,Oral care
ORAL-B TOOTHPASTE 75ML GENTLE WHITENING GENTLE WHITE,51.0,2024-07-26,EM5RWVISAB,Oral care
CLOSE UP TOOTHPASTE 75ML WHITE NOW GOLD + فرشاة #,47.0,2024-07-06,9IE2BZF7LK,Oral care
WATER PLUS V300 Interdental cleaner,2750.0,2024-07-07,8Y5J428M9I,Oral care
ORAL-B OXY JET IRRIGATOR 8500 MD18/20 Irrigator,1890.0,2024-10-11,L0GUTP8Q00,Oral care
ORAL-B TOOTHBRUSH EXPERT EXTRA CLEAN (25% OFF) # فرشاة اسنان,150.83,2024-05-28,D2DEVHVJI8,Oral care
ORAL-B OXY JET CENTER OC20 Oral Care Center,2415.0,2024-08-09,NYXUHPVSEO,Oral care
ORAL-B TOOTHBRUSH PRO EXPERT ANTIBACTERIAL (25% OFF) #,150.83,2024-09-10,05IUIU2M5Y,Oral care
ORAL-B TOOTHBRUSH 40 EXPERT ALL IN ONE 2PCS (25% OFF) فرش اسنان 2ق #,150.83,2024-10-31,SNOVMWV3C7,Oral care
SENSODYNE TOOTHBRUSH DEEP CLEAN فرشاة اسنان,40.0,2024-11-06,0CSGSARGB2,Oral care
ORAL-B 40 ADVANTAGE 3D MEDIUM FRESH (2X1) #,55.0,2024-04-03,T0YUD0XRKH,Oral care
SENSODYNE TOOTHBRUSH RAPID ACTION NITRO MEDUIM,40.0,2024-06-11,YRJZ47OQKN,Oral care
SILVER CARE H2O TOOTHBRUSH MEDIUM 3575 بالغيار,78.0,2024-07-09,GTEPQZ8MVF,Oral care
ORAL-B 35 ADVANTAGE 3D FRESH SOFT,73.33,2024-01-31,XJMOO3M2F9,Oral care
FUCHS SILVER ORTHO TOOTHBRUSH MEDIUM فرشاة اسنان سيلفر أورثو,25.0,2024-10-27,MH7A5Q7E9R,Oral care
ORAL-B 40 MEDIUM 1 2 3 Toothbrush,26.19,2024-05-24,X5NOS16HX2,Oral care
FUCHS SILVER BE LEVEL TOOTHBRUSH HARD,17.0,2024-05-03,UWMDZSVKUE,Oral care
SENSODYNE TOOTHBRUSH COMPLETE CARE فرشاة اسنان,50.0,2024-11-23,RT2GMUAP9M,Oral care
SENSODYNE TOOTHBRUSH COMPLETE PROTECTION Toothbrush,50.0,2024-02-27,9GGWMUOTS3,Oral care
SENSODYNE TOOTHBRUSH MULTI CARE فرشاة اسنان,50.0,2024-06-15,LBSJIMD1PZ,Oral care
FUCHS SILVER COMFORT TOOTHBRUSH SOFT TOOTHBRUSH,14.0,2024-11-04,P7OC23B949,Oral care
ORAL-B 40 DELICATE WHITE MEDIUM (2X1) #,94.27,2024-06-05,5MB2TJ41WH,Oral care
SENSODYNE TOOTHBRUSH GUM CARE فرشاة اسنان,35.0,2024-02-15,GQ1IN7F6QK,Oral care
EAMA CONTROL TOOTHBRUSH SOFT 19355 فرشاة اسنان تقويم,21.0,2024-10-15,BKFR1ZDELT,Oral care
ORAL-B ULTRA THIN PRO-GUM CARE,94.27,2024-04-14,HWQZKFD70Z,Oral care
SENSODYNE TOOTHPASTE 100GM MULTI CARE & WHITENING GOLD,80.0,2024-02-04,L9IR1CLYO8,Oral care
DEPURADENT TOOTHPASTE 13ML EXTRA WHITE,29.0,2024-05-06,IHX8Q2KVU3,Oral care
SIGNAL WHITENING TOOTHPASTE 100ML معجون اسنان,38.5,2024-02-19,WKAHMNGP9E,Oral care
SIGNAL KIDS STRAWBERRY 75ML TOOTHPASTE,30.0,2024-04-14,XH3G436450,Oral care
SENSODYNE TOOTHPASTE 100GM DEEP CLEAN,80.0,2024-12-23,RQKDRJ7TVL,Oral care
SIGNAL CAVITY TOOTHPASTE 50GM ULTIMATE PRO,16.0,2024-12-11,9ZQFXQVCSN,Oral care
SIGNAL COMPLETE 8 WHITE TOOTHPASTE 100ML SILVER,33.0,2024-10-01,XB0YROG4KV,Oral care
SIGNAL COMPLETE 8 WHITE&DETOX 100M # معجون أسنان فحم,31.0,2024-05-06,6M055QKQA1,Oral care
ORAL-B TOOTHPASTE 75ML ORIGINAL original,51.0,2024-06-20,EU0L6SP0H1,Oral care
SIGNAL COMPLETE 8 TOOTHPASTE 100ML Toothpaste toothpicks and cloves,38.5,2024-05-13,WS1TPM1ZK3,Oral care
SIGNAL WHITENING TOOTHPASTE 50ML معجون اسنان,22.0,2024-04-13,UO1MKEA0SB,Oral care
SENSODYNE TOOTHPASTE 50GM MULTI CARE & WHITENING ذهبي,51.0,2024-01-17,JJTZTWU1LW,Oral care
CLOSE UP TOOTHPASTE 100GM GREEN #GREEN TOOTHPASTE,26.5,2024-09-24,5FK5B54Y7S,Oral care
DEPURADENT TOOTHPASTE 50ML EXTRA WHITE,59.0,2024-08-20,YU9JS10Y4E,Oral care
SENSODYNE T/PASTE 20GM T/CARE&WHITING GOLD,25.0,2024-01-13,ELPV4U7ZIC,Oral care
COREGA ULTRA MINT CREAM 40GM COREGA CREAM,85.0,2024-01-02,ZGLN8FEQ5N,Oral care
COREGA SUPER DENTURE FIXATE CREAM 40GM COREGA CREAM,75.0,2024-05-16,10ZXFSKM3T,Oral care
COREGA SUPER DENTURE FIXATE CR 20GM COREGA CREAM,43.0,2024-05-17,XQ8HJATODS,Oral care
SHAVE CODE EAU DE COLOGNE 130ML BREEZE BLUE,30.0,2024-11-19,W7TD702Y5U,Care For Men
INGRAM GEL. 150GM Shaving Gel,23.0,2024-01-14,44XOW65B3S,Care For Men
GTT.MACH3 SHV.GEL 200ML EXTRA COMFORT Shaving Gel,142.0,2024-01-15,T357R5JKEB,Care For Men
NIVEA SH/CREAM 60ML MILD,60.0,2024-05-09,EO75Y3WCP8,Care For Men
SHAVE CODE EAU DE COLOGNE 130ML VINTAGE RED,30.0,2024-09-05,8908TT6ASC,Care For Men
EVA MAN LOOK A/SHV BALSAM 125ML Shaving Balm Alum #,30.0,2024-01-22,XAUV99JLYC,Care For Men
INGRAM GEL. 75GM Shaving Gel,12.0,2024-06-02,5IPG5WC1A5,Care For Men
TITANIA Shaving Brush 1700/5039,104.0,2024-04-18,A0CSQEPZYU,Care For Men
NIVEA MEN COOLING A.SHV BALM 100ML,250.0,2024-05-31,U5QKWJDGPP,Care For Men
GTT. SHV.FOAM 200ML LEMON LIME SHAVING FOAM,117.0,2024-02-18,VXMCSRBKZZ,Care For Men
NIVEA MEN SENS A.SHV BALM 100ML BALM,250.0,2024-04-11,A7R3YL2C5X,Care For Men
INGRAM SHV.CR. 60GM EX.COOL Green Shaving Cream,16.0,2024-11-12,NBXM7QFFAA,Care For Men
NIVEA MEN SHA/CREAM 100ML SENSITIVE SHAVING CREAM,105.0,2024-03-23,LEXVBHB7F3,Care For Men
NIVEA MEN SHA/GEL 200ML DEEP,200.0,2024-10-08,PDGJ98MGSM,Care For Men
INGRAM SHV.CR. 60GM COOL BLUE SHAVING CREAM,16.0,2024-10-30,J9ONAHE4M6,Care For Men
NIVEA MEN SHA/GEL 200ML SILVER PROTECT Shaving Gel,200.0,2024-01-18,CTNCDD5O26,Care For Men
ANIVAGENE LOTION HAIR TONIC MAN 125ML,315.0,2024-03-26,5GK2XJB0W8,Care For Men
CLEAR ANTI-DAND. MEN SH. 400ML DEEP CLEAN,93.0,2024-04-09,ABLQPYUP81,Care For Men
CLEAR MEN SH. 360ML DEEP CLEAN (10g discount),83.0,2024-03-25,I80K3G9DEK,Care For Men
ELEA COLOR FOR MAN NO. 4.0,125.0,2024-09-26,9DAE2NBLP5,Care For Men
CLEAR MEN SH. 400ML COOL SPORT (#) BLUE,52.0,2024-06-22,V5XLF4724I,Care For Men
CLEAR MEN SH. 360ML HAIR FALL DEFENSE (#),83.0,2024-03-03,C0720P1A2A,Care For Men
CLEAR MEN SH. 180ML CHRISTIANO RONALDO (#),50.0,2024-07-19,YS69P9B77Q,Care For Men
EST 3IN 1 SHAMPOO+ COND+BODYWASH 14OZ,370.0,2024-10-30,X61B2ZMNL2,Care For Men
CLEAR MEN SH.180ML H.FALL,57.0,2024-09-16,KMS9LKGCK6,Care For Men
THE DAILY SHAMPOO 14OZ ESTTS14,370.0,2024-08-25,786KBVBP2Q,Care For Men
CLEAR MEN SH. 600ML CHRISTAINO RONALDO # الاسطوره,100.0,2024-03-29,6DZH6X9ZZF,Care For Men
CLEAR MEN SH. 180ML DEEP CLEAN (#),50.0,2024-11-21,GMF2OO37XX,Care For Men
CLEAR MEN SH. 360ML COOL SPORT MENTHOL (#),83.0,2024-07-29,P47T2XCLSU,Care For Men
ANIVAGENE SH. F/M 200ML,239.0,2024-12-09,S8DQTTN5JY,Care For Men
CLEAR ANTI-DAND. SH. 180ML COOL SPORT) 6ج (#),50.0,2024-05-12,5YBTDUN382,Care For Men
CLEAR MEN SH. 180ML HAIR FALL (#),50.0,2024-10-19,QGOJDGM57N,Care For Men
LOREAL MEN EXPERT SHW. GEL 300ML COOL POWER,135.0,2024-08-13,8IRFH0L12T,Care For Men
LOREAL MEN EXPERT SHW. GEL 300ML HYDRA POWER,135.0,2024-07-30,33ORMVHSD2,Care For Men
DUREX CONDOMS 3PCS STRAWBERRY (25EGP,25.0,2024-12-03,U7TPVCQST4,Care For Men
DUREX CONDOMS 3PCS FETHERLITE ULTRA,96.0,2024-08-14,GR6PJUDVJ9,Care For Men
DUREX CONDOMS 10pcs PERFORMA MAX INTENSE,280.0,2024-03-30,KUKOYQM5IV,Care For Men
DUREX CONDOMS 3PCS EXTRA SAFE,96.0,2024-08-09,N4TZ897YO6,Care For Men
DUREX CONDOMS 12PCS EXTRA SAFE,285.0,2024-08-30,2YM8JKEVQI,Care For Men
DUREX PLAY LOT. 50ML FEEL,280.0,2024-11-18,TUITIY3AHR,Care For Men
DUREX CONDOMS 12PCS PLEASURE ME,280.0,2024-12-14,JV0LSJ9CPH,Care For Men
DUREX CONDOMS 10PCS FETHERLITE ULTRA,280.0,2024-02-16,NYXD9198GJ,Care For Men
ULTRA LUBRICATED CONDOM 12PCS,75.0,2024-12-19,BN5IKTIIC4,Care For Men
DUREX CONDOMS 3PCS PERFOR MAX INTENSE,100.0,2024-05-12,WKHAELCFSK,Care For Men
FIESTA CONDOMS 3PCS BANANA MORE FUN,20.0,2024-08-17,0GDFS9CWZS,Care For Men
DUREX CONDOMS 3PCS PLEASURE ME,96.0,2024-08-03,74ZEMENL20,Care For Men
LIFE STYLE SENSITIVE 10PCS ULTRA THIN,50.0,2024-07-13,TZD17DFW55,Care For Men
ULTRA LUBRICATED CONDOM 3PCS,24.0,2024-11-30,UNGFIESJ2D,Care For Men
FIESTA CONDOMS 3PCS STRAWBERRY متعة حبات الفراولة,20.0,2024-10-17,OQTOTNQXEP,Care For Men
ULTRA DOTTED CONDOM 3PCS,24.0,2024-07-06,AO68YIXTOV,Care For Men
BHPC SPORT DEO. SPR. 175ML MEN TWO,94.0,2024-05-19,9WCFV1LU77,Care For Men
BHPC SPORT DEO. SPR. 175ML MEN NINE,94.0,2024-04-06,OL2QDH3I2M,Care For Men
BHPC SPORT DEO. SPR.175ML MEN ONE,94.0,2024-07-04,Q7XURAHQ8K,Care For Men
BHPC SPORT DEO. SPR. 175ML MEN EIGHT,94.0,2024-05-08,T5T70JGYY2,Care For Men
NIVEA ROLL ON F/M 50ML DEEP,51.0,2024-01-05,MYZS5VE1WW,Care For Men
AX DEOD SPR. 150ML BLACK NIGHT (10) DISCOUNT,85.0,2024-08-08,9KY3G8LIM3,Care For Men
AX BODY DEOD SPR. DARK TEMPTAT . 150ML,95.0,2024-01-29,X5GECINV6A,Care For Men
AX DEOD SPR. 150ML BLACK NIGHT,95.0,2024-06-08,B067YVDBHB,Care For Men
NIVEA DEOD SPR. F/M 150ML DEEP,91.0,2024-04-06,8WABZXWAQW,Care For Men
NIVEA DEOD STICK F/M 40ML FRESH ACTIVE,150.0,2024-01-28,YAJ13IAMBV,Care For Men
AX DEOD SPR. 150ML BLACK,95.0,2024-12-07,BE7F9JZFEI,Care For Men
AX DEOD SPR. 150ML GOLD TEMPTATION (#),85.0,2024-03-11,P1GRL8OTA4,Care For Men
REXONA DEOD SPR.F/M ANTI BACTERIAL+INVISIBLE 150M,90.0,2024-06-25,UT9PG66BS8,Care For Men
NIVEA DEOD STICK F/M 40ML COOL KICK,150.0,2024-01-07,1Z4FRYY8UP,Care For Men
COLOR ME SPR OUD F/M 150ML,65.9,2024-05-23,4CSP1IG55Y,Care For Men
NIKE MAN EDT SPR 200ML,124.0,2024-02-06,8M5B7N0JZ6,Care For Men
GTT. NACET II shaver,6.5,2024-02-23,60WLAP7M8R,Care For Men
GTT. BODY 4PC Gillette Body Razor,176.0,2024-01-26,YCDJF227O4,Care For Men
GTT. BLUE3 SIMPLE 1PC MACHINE,17.5,2024-07-13,H6FFLTZGZQ,Care For Men
GTT. VECTOR PLUS 3PC. razors,30.0,2024-06-30,MNXS3ZJK9E,Care For Men
GTT. BLUE II PLUS Aloe Vera Shaver,12.0,2024-02-05,IGQCZ5Z5QG,Care For Men
GTT. BLUE3 COOL 3PCS KART 3 MACHINE,71.0,2024-03-13,GNOEGA47EP,Care For Men
GTT. BLUE3 COMFORT 3PCS KART 3 MACHINE,71.0,2024-12-04,K64M8JZBDH,Care For Men
GTT. BLUE II PLUS 5PC Cactus Shaver,54.0,2024-01-03,898X1DRZLE,Care For Men
GTT. VECTOR PLUS Shaver + 1 mousse,38.0,2024-06-01,5P0BJB53XQ,Care For Men
GTT. FUSION PROGLIDE 4pcs razors,630.0,2024-04-01,GGJW8FUHC1,Care For Men
GTT. BLUE3 COMFORT 6PC Pouch 6pcs + 2pcs Gift #,112.0,2024-10-19,4LERD5WEQU,Care For Men
GTT. BLUE3 SIMPLE 4PC,71.0,2024-08-12,5O8ZFS6T6I,Care For Men
GTT. MACH3 4PC Razors + Hand Machine #,224.0,2024-10-01,A7ADKDDLLF,Care For Men
BRAUN NO. MGK 3980 TS BLU Machine For Men,2829.0,2024-12-26,50GBG8B2X9,Care For Men
GTT. BLUE II PLUS 10 + BLUE 3 2PCS,74.0,2024-10-04,OOA6F0OWZ4,Care For Men
GTT. MACH3 2PC. razors,101.0,2024-10-24,EL9EBNDR6V,Care For Men
VIAGRA 100 MG 4 TAB,77.0,2024-02-04,EBL3WMJUKT,Sexual health
VIAGRA 50 MG 4 TAB,60.0,2024-09-09,EJ3LY74146,Sexual health
EREC 100 MG 12 TAB,81.0,2024-06-28,DLJ6EWU3N8,Sexual health
CIALIS 20 MG 2 TAB,144.0,2024-05-29,656IZEX3IF,Sexual health
AKANZA LIQUID (MEN SPRAY) 15 ML,55.0,2024-02-23,THKUL88DSQ,Sexual health
TADANERFI 20 MG 4 ORODISPERSIBLE FILMS,90.0,2024-02-12,YCMRIL60JV,Sexual health
SILDEN 50 MG 4 TAB,9.75,2024-11-23,0SLOLLEJ2R,Sexual health
CIALIS 20 MG 4 TAB,288.0,2024-07-19,8NAYH74ILD,Sexual health
JOYPOX 60 MG 6 TAB,106.0,2024-07-17,DALH8NA57E,Sexual health
ERECTALIS 20 MG 2 TAB,50.0,2024-03-01,LM305FWMYB,Sexual health
POWERECTA 20 MG 4 TAB,28.75,2024-11-30,WZHHU2D1BD,Sexual health
VIRECTA 100 MG 9 TAB,51.0,2024-08-04,V2FIH8XYGO,Sexual health
SILDEN 100 MG 4 TAB,15.0,2024-08-19,5UHCJTKZEC,Sexual health
TARDANZA 60 MG 3 TAB,90.0,2024-11-19,EOGE29POBT,Sexual health
DELEPE 60 MG 3 TAB,60.0,2024-12-23,NH7PS58DPR,Sexual health
STIMU – MAX 100 MG 5 TAB,18.75,2024-05-24,I59DD46N4G,Sexual health
PROLICA GEL 75 GM PINEAPPLE EXTRA SWEET PINEAPPLE,92.0,2024-10-14,ZQGM9WYUW9,Sexual health
PROLICA GEL 75 GM VANILLA NATURAL VANILLA,92.0,2024-01-30,11AARCX03B,Sexual health
PROLICA GEL 75 GM CHOCOLATE,92.0,2024-07-16,Q1KDA7NFKU,Sexual health
PROLICA GEL 75 GM POMEGRANATE POMEGRANATE,92.0,2024-09-23,EZ23D5L8VV,Sexual health
PROLICA GEL 75 GM BLUEBERRY CRANBERRY,92.0,2024-12-22,TF3WLVHQVS,Sexual health
PROLICA GEL 75 GM FIG SITKY FIGS,92.0,2024-11-01,A5PDA2A0X6,Sexual health
MORNINGLOW INTIMATE FEMININE GEL 50GM,80.0,2024-03-09,6Q7BBTSFH9,Sexual health
PROXEED WOMEN 30 SACHETS x 6 GM,1990.0,2024-12-24,2INQ1380FF,Sexual health
MAXEED FOR WOMEN 60 TAB,365.0,2024-01-08,82E3D91AJ3,Sexual health
VEROXESERIN 100 MG 10 TAB,200.0,2024-12-10,PMXOPVWWHO,Sexual health
PRAVOTIN 100 MG 30 SACHETS,255.0,2024-07-15,L2WX4J0NYW,Vitamins and supplements
OXIFREE 20 CAP JAR,114.0,2024-10-17,8UQBMFZQCX,Vitamins and supplements
ULTRA VIT. C 500 MG 10 TAB,20.0,2024-12-11,IG9V9YY06L,Vitamins and supplements
ZINC ORIGIN 20 MG DISP. 20 TAB,27.0,2024-11-21,VG3IZ2XK3G,Vitamins and supplements
PRAVOTIN 100 MG 14 SACHETS,130.0,2024-02-13,T6XKPEGGER,Vitamins and supplements
IMMUNO - MASH ( VIT. C + ZINC ) 30 TAB,90.0,2024-07-22,BXLW7JDMLZ,Vitamins and supplements
SANSO - C 1000 MG 20 CAP,60.0,2024-08-23,D4Y4WV5U5F,Vitamins and supplements
KEROVIT 15 CAP,75.0,2024-02-21,JDDAOKRDED,Vitamins and supplements
TRIGUARD VIT – C + ZINC + VIT – D3 30 CAP,60.0,2024-09-28,L65QWEQ439,Vitamins and supplements
IMMUGUARD 14 SACHETS 3 GM,95.0,2024-04-26,97OD9NEZ6C,Vitamins and supplements
NEUROVIT 30 TAB,49.5,2024-07-07,RS4YZL8VY2,Vitamins and supplements
C-RETARD ( VITAMIN C ) 500 MG 10 CAP,22.5,2024-09-16,09WE3C037Q,Vitamins and supplements
BIOVIT 12 DEPOT 2 AMP 2 ML,14.0,2024-06-05,JLHJTQXKXH,Vitamins and supplements
DEPOVIT – B12 – 1000 MCGM / 1 ML 5 AMP,45.0,2024-10-20,O34WOX2YAY,Vitamins and supplements
PURAMAX 10 SACHETS,70.0,2024-01-09,7POLCMNM28,Vitamins and supplements
OSTEOCARE 30 TAB,52.0,2024-04-22,OFS5A3NA5N,Vitamins and supplements
PREGNACARE 30 TAB,125.0,2024-10-14,BZ7HD94EZ5,Vitamins and supplements
VIDROP (VITAMIN – D3) ORAL DROPS 15 ML,16.0,2024-03-01,UJ15MJ2T32,Vitamins and supplements
CALDIN ZINC SUSP 120 ML,30.0,2024-06-07,BP5Q2DD7JJ,Vitamins and supplements
HI – CAL 1200 MG / 5 ML SYRUP 100 ML,7.0,2024-11-20,156GL0CFLW,Vitamins and supplements
LANDO MULTI VITAMINS & MINERALS 60 GUMMIES,220.0,2024-07-09,XPDPY30EK8,Vitamins and supplements
SANSOIMUNE SYRUP 200 ML,40.0,2024-05-05,MCGICNHSY7,Vitamins and supplements
VOROX 10 SACHETS,65.0,2024-06-29,JS48MRMOFP,Vitamins and supplements
SANSOIMUNE PLUS SYRUP 200 ML,45.0,2024-02-06,061GRDGYYP,Vitamins and supplements
VITABELLA CHOCOLATE JAR 350 GM LIQUID,95.0,2024-07-09,9H7J35OOUV,Vitamins and supplements
FERROBELLA CHOCOLATE JAR 350 GM LIQUID,95.0,2024-09-26,U6SK5H6VC7,Vitamins and supplements
EFALEX LIQUID SYRUP 120 ML,95.0,2024-08-06,B102BAWK2J,Vitamins and supplements
PROFI KIDS 120 GUMMIES,249.0,2024-07-07,72XN2D7NBN,Vitamins and supplements
PROFI KIDS 60 GUMMIES,149.0,2024-06-20,7J13F1KRUO,Vitamins and supplements
MADDOX VITAMIN C EFF 240 MG 20 TAB,110.0,2024-04-03,P26EUTY6KE,Vitamins and supplements
THIOTACID ORIGINAL 600 MG 20 TAB,90.0,2024-12-27,1Q21KLO33Y,Vitamins and supplements
THIOTACID COMPOUND 600 MG 20 TAB,91.0,2024-12-19,XLIJNDJ9O6,Vitamins and supplements
THIONERV 300 MG 20 TAB,23.0,2024-09-14,AL8IT5SK4O,Vitamins and supplements
NEUROPATEX 600 MG 20 CAP,86.0,2024-11-29,686FDNJO20,Vitamins and supplements
THIOTACID COMPOUND 300 MG 30 CAP,91.5,2024-07-02,V8GAMCMR0A,Vitamins and supplements
THIOTEX FORTE 600 MG 20 CAP,110.0,2024-04-19,OAA5UB4HCY,Vitamins and supplements
THIOTACID 300 MG 30 TAB,67.5,2024-04-10,AJ4FY8V229,Vitamins and supplements
RILUTEK 50 MG 56 TAB (XX),3000.0,2024-12-23,9E6ZEN5ZQK,Vitamins and supplements
SABOCTIC 600 MG 20 TAB,63.0,2024-11-01,QICNQ2FW3I,Vitamins and supplements
THIOTACID 600 MG 20 TAB,67.5,2024-12-08,KFNXHKMXHH,Vitamins and supplements
LIPOIC 600 MG 10 TAB,24.0,2024-01-19,GYSRZZD07T,Vitamins and supplements
STOPADOL 500 MG 20 TAB,9.0,2024-02-03,UR7J4CVLLX,Headache and pain relief medications
PARACETAMOL (MUP) 500 MG 20 TAB,13.0,2024-07-29,7ABTAUTY13,Headache and pain relief medications
CETAL 100 MG / ML 15 ML ORAL DROPS,9.5,2024-07-09,TX2ZUMEVRA,Headache and pain relief medications
PANADOL ADVANCE 500 MG 24 TAB (XX),165.0,2024-06-21,ZF9CXQTGZ9,Headache and pain relief medications
PARACETAMOL – PHARCO B 1 GM / 100 ML 1 VIAL#,33.0,2024-02-20,AT1GN1CXAJ,Headache and pain relief medications
BRUFEN 600 MG 30 TAB,40.5,2024-11-26,CJV8E4KT83,Headache and pain relief medications
BIENADOL 30 TAB,18.0,2024-06-08,E4AB8HA9L6,Headache and pain relief medications
BI – ALCOFAN 150 MG 30 TAB,31.5,2024-07-10,O98E8QYL1X,Headache and pain relief medications
RIVO – MICRO 320 MG 30 TAB,13.5,2024-01-18,1VP1RIF11X,Headache and pain relief medications
ADOL EXTRA 24 CAPLETS,16.5,2024-08-26,P6TJKBE7EU,Headache and pain relief medications
BRUFEN 400 MG 30 TAB,37.5,2024-08-10,2GS6TMFXQF,Headache and pain relief medications
KETOFAN 50 MG 20 CAP,13.5,2024-07-29,JQ2FFV97CA,Headache and pain relief medications
CETAL 250 MG / 5 ML SUSP 60 ML,11.5,2024-10-16,BE4X9JWJKM,Headache and pain relief medications
MARCOFEN 300 MG INF 5 SUPP,4.8,2024-11-29,NGWHFEWU2E,Headache and pain relief medications
BRUFEN 100 MG / 5 ML SYRUP 150 ML,21.0,2024-03-21,KY4L9TK15F,Headache and pain relief medications
CETAL 120 MG 5 SUPP,5.25,2024-12-22,M2IGD9E3QF,Headache and pain relief medications
PANADOL MIGRAINE 30 TAB,30.0,2024-08-25,371MFRJBME,Headache and pain relief medications
AMIGRAWEST 2.5 MG 4 TAB,24.0,2024-07-07,S3V6QHKDMS,Headache and pain relief medications
SOLPADOL 5 MG 6 TAB,54.0,2024-05-10,PLEREOCB61,Headache and pain relief medications
NAREDRIX 2.5 GM 6 TAB,93.5,2024-03-28,IA4ZLQPUPN,Headache and pain relief medications
MIGRACID 20 TAB,5.0,2024-10-11,68QO58AVKB,Headache and pain relief medications
FEWMIG 80 MG 20 CAP,30.0,2024-08-13,L7HYX8VR88,Headache and pain relief medications
IMIGRAN 50 MG 2 TAB,19.2,2024-07-19,X64KBW9QG2,Headache and pain relief medications
EMGALITY 120 MG / ML S.C. 1 PREFILLED PEN,8400.0,2024-07-14,UGZSI6OVS4,Headache and pain relief medications
AIMOVIG 70 MG / 1 ML SC 1 PRE-FILLED PEN,8477.0,2024-08-19,LVFWEUJQ39,Headache and pain relief medications
MIGTRIPTAN 10 MG 3 TAB,18.0,2024-07-13,L3WDYSLDAK,Headache and pain relief medications
METOGRAINE 20 TAB,8.0,2024-01-31,ADPEN5SY56,Headache and pain relief medications
ZOMIG 2.5 MG 3 TAB,35.0,2024-12-24,U6OZJM09QP,Headache and pain relief medications
MIGTRIPTAN 5 MG 3 TAB,9.5,2024-06-06,Q0JITZQROS,Headache and pain relief medications
CREDOSAN 100 MG 2 TAB,32.0,2024-06-06,530LQ4V95P,Headache and pain relief medications
MIGRIZA 10 MG 5 TAB,20.4,2024-06-19,7NG79U6P0D,Headache and pain relief medications
ALMOTRIP FORTE 12.5 MG 2 TAB,21.6,2024-08-22,TJQ19886ET,Headache and pain relief medications
LIPIODOL ULTRA – FLUIDE 480 MG / 1 ML 1 AMP 10 ML,2900.0,2024-12-26,5PQUSRKEQL,Medications
JADENU 360 MG 30 TAB,7000.0,2024-01-01,ENEJH3HIP0,Medications
CINACALCET 30 MG 10 TAB,195.0,2024-10-04,RCXE44SVSV,Medications
MIMPARA 30 MG 28 TAB,1360.0,2024-02-06,H6OIEIVZQH,Medications
ROTACYSTEINE 20% 1 VIAL 25 ML,119.0,2024-10-14,R0LAO0EC3V,Medications
MIMPARA 60 MG 28 TAB,2500.0,2024-06-07,OL4USZR835,Medications
JADENU 180 MG 30 TAB,3680.0,2024-01-05,JNLBH1HTS1,Medications
EXJADE 500 MG 28 DISPERSIBLE TABS,4950.0,2024-03-05,FEVGF7M04F,Medications
THROMBONORM 0.5 MG 100 CAP,1000.0,2024-11-14,0BNXOQNYXI,Medications
RENEAGEL 800 MG 180 TAB,1470.0,2024-02-14,5WJ1KNG51S,Medications
CEREZYME 400 U IV 1 VIAL,21300.0,2024-01-28,JN6V3BBER9,Medications
SORBISTERIT 500 GM POWDER,502.2,2024-02-04,YQORWP5JV5,Medications
GTN 20 GM CREAM,68.0,2024-08-11,B8RH6O2720,Medications
BORIC ACID 50 GM POWDER,27.5,2024-05-11,TJOKMJHKWN,Medications
POTASSIUM PERMANGANATE 1/8000 LOTION Potassium permanganate wash,27.5,2024-10-09,GTG5JCYAYR,Medications
TESTOSTERONE 5% 20 GM GEL,471.0,2024-10-20,6S4DSXYLP8,Medications
SOD. BICARBONATE 20 CAP,55.0,2024-01-19,FWCM48CDUA,Medications
CASTOR OIL PURE 60 ML CASTOR OIL,32.5,2024-04-30,57A9I229G3,Medications
GLYCERIN ICTHYOL 25 GM ACTOL GLYCERIN,14.2,2024-05-18,QGOIGC7CH3,Medications
GTN 20 GM OINT,68.0,2024-03-19,69WJTYTNTN,Medications
TESTOSTERONE 2.5% 20 GM GEL,235.15,2024-01-13,SH4PZSIDZM,Medications
MAG – SULPHATE 50 GM POWDER ENGLISH SALT,27.5,2024-10-14,FUZCQY4C0G,Medications
TR - IODINE 5% 30 ML Iodine Tincture,33.0,2024-06-18,91TYWZ3RMF,Medications
GLYCERIN PURE 60 ML GLYCERIN,33.0,2024-06-17,CQP6YYFOM8,Medications
BORIC ACID 2% LOTION 100 ML,12.0,2024-01-02,XAOUL7L48S,Medications
VICKS OINT 50 GM,96.5,2024-08-04,KMBX1WF4OM,Medications
SULPHUR 10% OINT 20 ML Sulfur Ointment,40.0,2024-09-13,IBTJE6TPOR,Medications
POTASSIUM PERMANGANATE 1/5000 LOTION Potassium permanganate lotion,27.5,2024-06-10,1XAG4LRK25,Medications
PANADOL COLD & FLU DAY 24 TAB,36.5,2024-10-25,0FU4NN6W3X,Cold and cough
ULTRA VIT. C 500 MG 10 TAB,20.0,2024-07-06,W5LE5JST59,Cold and cough
TRIGUARD VIT – C + ZINC + VIT – D3 30 CAP,60.0,2024-11-28,2L4D8ZXLPY,Cold and cough
C-RETARD ( VITAMIN C ) 500 MG 10 CAP,22.5,2024-12-24,QFY0PBIDVY,Cold and cough
CONGESTAL 20 TAB,26.0,2024-01-06,LKSGL3B12P,Cold and cough
C – SAFE 500 MG 36 CAP,35.0,2024-10-02,SZF69M495N,Cold and cough
DECANCIT – SR 20 TAB,26.0,2024-07-09,724SAOVB0Y,Cold and cough
COMTREX ACUTE HEAD COLD 20 TAB,39.0,2024-11-03,46QPF8ED6F,Cold and cough
CLARINASE 14 TAB,55.0,2024-12-29,5K6XI6YABS,Cold and cough
C-RETARD + ZINC ( VIT. C 500 MG) 20 CAP,54.0,2024-01-12,GJ6YIYCWFD,Cold and cough
ONE TWO THREE (COLD – FLU) 20 TAB,20.0,2024-04-19,DP8LDW3UO6,Cold and cough
MEFAC COLD & FLU 20 TAB,18.0,2024-02-15,YXPGL0S2T9,Cold and cough
WELLNESS 20 TAB,16.5,2024-11-08,1TPE46BU5I,Cold and cough
VITAMIN C 500 MG (GREEN AND LEAN) 30 CAP,48.0,2024-09-20,ON54YA4ULB,Cold and cough
NOVA – C – N 20 TAB,24.0,2024-01-12,PH19XDAHRX,Cold and cough
BRUFEN COLD 10 TAB,11.0,2024-01-26,SXRLZ0YLOS,Cold and cough
CYRINOL SYRUP 60 ML,12.0,2024-10-03,HWC720JW5B,Cold and cough
OPLEX – N SYRUP 125 ML,15.0,2024-04-11,6OU8X1LLZE,Cold and cough
NEO – BRONCHOPHANE SYRUP 125 ML,9.0,2024-01-19,IMSX5VNO7P,Cold and cough
SELGON 40 MG / ML ORAL DROPS 15 ML,16.0,2024-07-13,5SMYY22N1R,Cold and cough
"Maxilase, Anti-inflammtory & anti edematous, Syrup Alpha amylase 200 U.CEIP/ml , taste mandarine 100 ml , Sore Throat, edema, inflammation",25.0,2024-09-02,YUJ5MQ3AJI,Cold and cough
CODILAR SYRUP 120 ML,14.0,2024-04-15,ODF0O2DFY2,Cold and cough
ISILIN SYRUP 120 ML,12.0,2024-11-22,JLLI4OFSHI,Cold and cough
TUSSISTOP 30 MG / 5 ML SYRUP 100 ML,32.5,2024-09-05,6Y86ZHCVPR,Cold and cough
BRONCHOTEC SYRUP 120 ML,13.0,2024-01-11,WIAB81DJND,Cold and cough
ONE TWO THREE (COLD – FLU) SYRUP 120 ML,14.0,2024-04-17,QERX07YV9K,Cold and cough
SINGULAIR 4 MG (PAED.) 14 SACHETS,98.0,2024-08-02,4JNPMB8ONG,Cold and cough
NEO-MINOPHYLLINE SYRUP 120 ML,7.5,2024-11-26,2R17CJD81M,Cold and cough
CONGESTAL SYRUP 120 ML,19.5,2024-11-02,QWH54SB6CT,Cold and cough
VENTOCOUGH (WITHOUT SUGAR) SYRUP 125 ML SUGAR FREE,15.5,2024-02-05,MCUW4PVHYY,Cold and cough
AIRONYL 1.5 MG / 5 ML SYRUP 120 ML,14.0,2024-07-17,3ZLDW10NYN,Cold and cough
NOTUSSIL SUSP 60 ML,22.0,2024-11-29,OOBW7CBBRV,Cold and cough
IMMUNO - MASH ( VIT. C + ZINC ) 30 TAB,90.0,2024-09-21,5B94RF1J0X,Cold and cough
SANSO - C 1000 MG 20 CAP,60.0,2024-02-27,9LSH0T7NZV,Cold and cough
PANADOL COLD & FLU (VAPOUR RELEASE) 10 SACHETS,85.0,2024-07-10,1Z2CQJGCQH,Cold and cough
VITAMIN – C – SEDICO EFF 1 GM 10 SACHETS,13.5,2024-08-23,UPX5BIZRXQ,Cold and cough
VITACID – C – EFF 1 GM 12 TAB,21.5,2024-05-12,LVTAYD23Z4,Cold and cough
CEVAMOL EFF 12 TAB,20.5,2024-07-07,VUTEL2325X,Cold and cough
GERON VITAMIN – C 500 MG + ZINC 60 TAB,119.0,2024-10-25,JYOYCQ9PFI,Cold and cough
VITACID CALCIUM EFF 12 TAB,16.0,2024-06-03,RPAR4EZL3Y,Cold and cough
MADDOX VITAMIN C EFF 1000 MG 20 TAB,160.0,2024-03-28,X3UKWH2O0W,Cold and cough
C - ZINC (COPAD) 30 CAP,75.0,2024-09-11,4DFFG136RK,Cold and cough
FAWAR – C – 1 GM 6 SACHETS,8.0,2024-02-16,D0D26SL89O,Cold and cough
VITACID – C – PLUS EFF 12 TAB,35.0,2024-05-30,LDRG2WH6NM,Cold and cough
C – APEX 1000 MG RETARD 10 TAB,35.0,2024-11-19,TUWB8OCCXH,Cold and cough
CEVITIL 1 GM EFF 12 TAB,16.0,2024-10-21,5FSYXSHOXO,Cold and cough
ABC IMMUNE 10 SACHETS,40.0,2024-12-22,1O9HGFUG1M,Cold and cough
G – C – MOL EFF 6 SACHETS,12.0,2024-11-24,VC8HL7Z9GY,Cold and cough
SELGON INF 10 MG 6 SUPP,9.0,2024-02-11,H1W5XG67O5,Cold and cough
RENICLAIR NASAL SPRAY 15 ML,215.0,2024-07-22,U5BZ512SCU,Cold and cough
SOLVADOL ADULTS THROAT SPRAY 30 ML,220.0,2024-04-30,C407MRIYEL,Cold and cough
VENTOLIN DISKUS 200 MCG 60 DOSES INHALER,32.5,2024-07-10,6L4RCLRV89,Cold and cough
VENTAL 0.1 MG / DOSE 200 DOSE INHALER,27.5,2024-01-17,G0N56WGHOP,Cold and cough
ATROVENT 500 MCG / 2 ML UNIT DOSE 20 VIAL,110.0,2024-05-26,L0YEYYURA9,Cold and cough
SERETIDE DISKUS 50 / 250 MCG 60 DOSES INHALER,168.0,2024-01-23,4TSUO5EZ1L,Cold and cough
SWABIVENT (COMBIVENT) UNIT DOSE 20 VIAL 2.5 ML,89.75,2024-03-18,LPZE9L4KAR,Cold and cough
IPRAVENT – S 200 DOSES INHALER,33.25,2024-01-09,G7BAO48MS4,Cold and cough
BECLOSONE FORTE 200 DOSE INHALER,36.0,2024-11-19,7Z6CKMI2ID,Cold and cough
VENTAL COMP 200 DOSE INHALER,41.5,2024-10-31,6IITS3NXQ7,Cold and cough
METROVENT 25 MCG 200 DOSES INHALER,36.0,2024-01-07,PVHWK3S8F8,Cold and cough
SEEBRI BREEZHALER 50 MCG 30 CAP + INHALER,260.0,2024-09-19,PLQGYZ1IUO,Cold and cough
SYMBICORT 320 / 9UG / DOSE INHALER 60 DOSES,254.0,2024-05-03,K4K9RJCOA4,Cold and cough
BECLOSONE 200 DOSE INHALER,22.5,2024-12-23,I6GSXJUL1Q,Cold and cough
FORBUDES 400 MCG / 12 MCG 60 CAP + INHALER,172.5,2024-07-10,5H8VDXKDUE,Cold and cough
FLIXOTIDE DISKUS 250 MCG 60 DOSES INHALER,98.0,2024-02-11,1VX0X27XYT,Cold and cough
"Bronchicum Elixir, Anti cough, Elixir 100 ml, Dietary supplement to be used in case of cough,Sanofi",45.0,2024-08-03,PRV506G5GX,Cold and cough
IVYROSPAN 35 MG / 5 ML SYRUP 100 ML,37.5,2024-05-13,WKPITCJ6MA,Cold and cough
ROTAHELEX 35 MG / 5 ML SYRUP 120 ML,32.0,2024-11-05,18HDHMC3B1,Cold and cough
PENTAMIX SYRUP 120 ML,33.0,2024-11-10,LBZRIVGE5C,Cold and cough
SINADRY SYRUP 120 ML,25.0,2024-12-19,28SCSGB24M,Cold and cough
SEKEM FLU 1.5 G 15 FILTER SEKEM herbal cold 1.5 g 15 bags,20.0,2024-01-28,YKVMQJ0IVS,Cold and cough
GUAVA SYRUP 120 ML,25.0,2024-01-29,D5MNLJW7GC,Cold and cough
SEKEM WINTER HERBS 15 FILTER 15 bags,20.0,2024-05-27,EWN7DWBSKN,Cold and cough
CAVENTOL HERBAL SYRUP 120 ML,43.0,2024-02-15,8DQ6L38OLC,Cold and cough
HERBAL BRONCH – N SYRUP 120 ML,32.0,2024-03-15,2G9QLDO5X0,Cold and cough
HERBA CAF SYRUP 80 ML,15.3,2024-08-06,ESRJSNBG4D,Cold and cough
IVYPRONT 35 MG / 5 ML SYRUP 120 ML,35.0,2024-09-21,IZSTAX7FXV,Cold and cough
ROTAHELEX 25 MG 30 TAB,51.0,2024-05-12,34PWESXJNW,Cold and cough
ALVEOLIN SYRUP 100 ML,32.0,2024-06-16,3TX6B3G2MQ,Cold and cough
ALVEOLIN – P SYRUP 100 ML,35.0,2024-12-26,C9OGJRRGID,Cold and cough
IVYR PAN SYRUP 100 ML,16.2,2024-02-04,KK716R6YZA,Cold and cough
DIET SWEET 350 TAB,33.5,2024-12-17,QDOFXNYONV,Weight loss and weight control drugs
SWEETAL 100 STICKS X 1 GM (100 GM) Suspension,100.0,2024-12-22,MAJD4I8JZD,Weight loss and weight control drugs
SWEETAL 300 TAB 24 GM,130.0,2024-12-09,W388FBYMIW,Weight loss and weight control drugs
GO LITE SWEETY 100 SACHETS DIET SUGAR 100 BAGS,65.0,2024-02-15,7VL2HI59MT,Weight loss and weight control drugs
GO DIET FREECAL 40 SACHETS 1 GM,24.5,2024-04-30,1LNJPCYQBK,Weight loss and weight control drugs
GO DIET FREECAL 60 SACHETS 1 GM,36.5,2024-11-07,O0XTGFERGC,Weight loss and weight control drugs
SPLENDA 50 SACHETS,80.0,2024-12-12,MZOQU3GQTV,Weight loss and weight control drugs
GO DIET FREECAL 110 SACHETS 1 GM,65.5,2024-10-17,QDKS3MOUPA,Weight loss and weight control drugs
SWEETAL 250 GM (JAR) POWDER,125.0,2024-11-25,3E4OH51SP6,Weight loss and weight control drugs
STEVIA CASTELLO 60 SACHETS,90.0,2024-11-11,LQHTMTW5U7,Weight loss and weight control drugs
FREE CARE 10 SACHETS,10.0,2024-01-03,QLAUSEJMDS,Weight loss and weight control drugs
SWEETAL 75 SACHETS X 1 GM (75 GM) Suspension,75.0,2024-06-08,VKXWULI9SL,Weight loss and weight control drugs
NO CAL GRANULATED 250 GM POWDER,66.0,2024-01-24,DOQ0WTPOQ6,Weight loss and weight control drugs
SUGAR MATCH SUCRALOSE 75 SACHETS HANGING,34.0,2024-08-09,84LURY4HS1,Weight loss and weight control drugs
SWEETAL 50 TAB 4 GM,35.0,2024-03-16,09T10DEF1M,Weight loss and weight control drugs
SPLENDA 100 TAB,75.0,2024-05-18,4A940Q5ZRP,Weight loss and weight control drugs
SYLOVINA 20 SACHETS x 5 GM,150.0,2024-05-31,JQ3K0I15X7,Weight loss and weight control drugs
ROYAL REGIME TEA 25 SACHETS REGYM TEA,19.0,2024-12-17,EXYB915M82,Weight loss and weight control drugs
ROYAL REGIME TEA 50 SACHETS REGIME TEA,35.0,2024-11-28,YVS96LBXTF,Weight loss and weight control drugs
GO DIET GREEN COFFEE 30 SACHETS 5 GM,550.0,2024-09-16,23N3SZ1BWP,Weight loss and weight control drugs
GO DIET SLIMMING HERBS 30 SACHETS x 3 GM,350.0,2024-08-09,S3Q3OF43L4,Weight loss and weight control drugs
GREEN BURN 20 SACHETS x 10 GM BAGS,400.0,2024-12-24,CVWSKS9MUG,Weight loss and weight control drugs
KIO SLIM (RASPBERRY) 30 SACHETS x 2.25 GM,450.0,2024-12-17,EEZZAQ3V5W,Weight loss and weight control drugs
SYLINA 10 SACHETS x 5 GM,75.0,2024-10-03,ZRJBY22VR8,Weight loss and weight control drugs
REJAMP 30 SACHETS x 10 GM,400.0,2024-07-05,EG0EOQQ2NJ,Weight loss and weight control drugs
FYBOSEN (PINEAPPLE) 10 SACHETS,170.0,2024-12-18,V4H5AW070Q,Weight loss and weight control drugs
FYBOSEN (PINEAPPLE) 30 SACHETS,490.0,2024-08-13,UQAW4B6WZV,Weight loss and weight control drugs
FITAL ( PINEAPPLE ) 30 SACHETS + GREEN COFFEE 80 GUMS FREE,350.0,2024-03-24,CD7QGP7OYO,Weight loss and weight control drugs
GO DIET FIBER SACHETS كورس اسبوعى,350.0,2024-05-26,1NZ2802NQH,Weight loss and weight control drugs
ROSEL 10 SACHETS x 5 GM,95.0,2024-02-29,G5N1JQ5FGW,Weight loss and weight control drugs
LOUCHE (ORANGE FLAVOR) 12 SACHETS x 5 GM,400.0,2024-12-27,CAR4ZHI3K3,Weight loss and weight control drugs
ISIS REGIME TEA (CINNAMON) 50 TEA BAGS ISIS REGIME TEA with Cinnamon 50 filters,16.5,2024-01-30,88BPAEL7UV,Weight loss and weight control drugs
SYLVESTER-1 20 CAP,70.0,2024-12-01,5TU72E33X8,Weight loss and weight control drugs
CHROMAX 60 CAP,99.0,2024-02-29,C4OF71IHN0,Weight loss and weight control drugs
ORLY 120 MG 30 CAP,132.0,2024-09-20,OI3Y4P5W51,Weight loss and weight control drugs
ORLISTAT 120 MG 30 CAP,105.0,2024-05-03,SOXIIGMX69,Weight loss and weight control drugs
GRAPEXON 30 CAP,99.0,2024-06-23,NWGHEBR1V9,Weight loss and weight control drugs
HOFFSLIM 30 CAP,90.0,2024-11-13,LQAPZHO963,Weight loss and weight control drugs
REGIMAX 120 MG 30 CAP,132.0,2024-09-22,BO5TLXR1M7,Weight loss and weight control drugs
QUICK – SLIM 120 MG 30 CAP,105.0,2024-02-09,Z4Y5VP3UNT,Weight loss and weight control drugs
CHROMIUM MEPACO – MEDIFOOD 200 MCG 20 CAP,20.0,2024-08-31,RYLSOCO7Y4,Weight loss and weight control drugs
LIMITLESS CHROMAX CUT 30 SACHETS,275.0,2024-11-16,5GQ16MIF4H,Weight loss and weight control drugs
BURNER DIET GUM 40 PIECES Gum - green tea,35.0,2024-02-14,C124SFT5NQ,Weight loss and weight control drugs
TOPGING 30 CAP,150.0,2024-10-04,46OZSZ56YE,Weight loss and weight control drugs
CHITOCAL 60 CAP,134.5,2024-07-10,3QZJM131ZI,Weight loss and weight control drugs
FATTACHE 20 CAP,60.0,2024-06-07,K5Z0W0963R,Weight loss and weight control drugs
HARVA 400 MG 36 CAP,554.0,2024-08-31,SUKZW1W2HR,Weight loss and weight control drugs
MERTI 30 CAP,54.0,2024-02-20,H93QFN3NPW,Weight loss and weight control drugs
